index,순번,이수구분,교과목명,캠퍼스구분,학점,강의시간/강의실,강의정보1,강의정보2,학부(과),영역구분
498,536,전필,현대물리실험,가좌캠퍼스,2.0,"목8,9[351-0105]","목8,9[351-0105]",,수학물리학부,
499,537,전필,역학1및연습,가좌캠퍼스,4.0,"월6,7[352-0103],수6,7[352-0103]","월6,7[352-0103]","수6,7[352-0103]",수학물리학부,
500,538,전필,수리물리1및연습,가좌캠퍼스,4.0,"화3,4[352-0103],목1,2[352-0103]","화3,4[352-0103]","목1,2[352-0103]",수학물리학부,
502,540,전선,알고리즘,가좌캠퍼스,3.0,"수3,4,5[351-0115]","수3,4,5[351-0115]",,수학물리학부,
503,541,전선,현대물리학,가좌캠퍼스,3.0,"화1,2[351-0115],목3[351-0115]","화1,2[351-0115]",목3[351-0115],수학물리학부,
504,542,전필,통계물리1,가좌캠퍼스,3.0,"월4[351-0115],수1,2[351-0115]",월4[351-0115],"수1,2[351-0115]",수학물리학부,
505,543,전필,양자역학1및연습,가좌캠퍼스,4.0,"월8,9[352-0205],목6,7[352-0205]","월8,9[352-0205]","목6,7[352-0205]",수학물리학부,
506,544,전선,전자기학2,가좌캠퍼스,3.0,"월6,7[351-0115],수6,7[351-0115]","월6,7[351-0115]","수6,7[351-0115]",수학물리학부,
507,545,전선,물리시스템제어실습,가좌캠퍼스,3.0,"화6,7[351-0201],목8,9[351-0201]","화6,7[351-0201]","목8,9[351-0201]",수학물리학부,
508,546,전선,전자물리,가좌캠퍼스,3.0,"화1,2[352-0103],목3,4[352-0103]","화1,2[352-0103]","목3,4[352-0103]",수학물리학부,
509,547,전선,진공기술,가좌캠퍼스,3.0,"월1,2,3[352-0205]","월1,2,3[352-0205]",,수학물리학부,
510,548,전필,물리와데이터PBL(종합설계),가좌캠퍼스,3.0,"화6,7,8,9[351-0115]","화6,7,8,9[351-0115]",,수학물리학부,
511,549,전선,고체물리,가좌캠퍼스,3.0,수5[352-0205],수5[352-0205],,수학물리학부,
512,550,전선,응용광학,가좌캠퍼스,3.0,"화1,2[352-0205],목3[352-0205]","화1,2[352-0205]",목3[352-0205],수학물리학부,
513,554,전선,양자정보,가좌캠퍼스,3.0,"월8,9[352-0103],목8[352-0103]","월8,9[352-0103]",목8[352-0103],수학물리학부,
514,555,전선,반도체공정및장비,가좌캠퍼스,3.0,"월1,2,3[351-0115]","월1,2,3[351-0115]",,수학물리학부,
515,556,전선,고분자물리,가좌캠퍼스,2.0,"목6,7[352-0103]","목6,7[352-0103]",,수학물리학부,
516,557,전필,해석학1,가좌캠퍼스,2.0,"화1,2[354-0410]","화1,2[354-0410]",,수학물리학부,
517,558,전필,해석학연습,가좌캠퍼스,1.0,"목1,2[354-0410]","목1,2[354-0410]",,수학물리학부,
518,559,전선,미분방정식,가좌캠퍼스,3.0,"월6,7[354-0410],목5[354-0410]","월6,7[354-0410]",목5[354-0410],수학물리학부,
519,560,전선,다변수해석학,가좌캠퍼스,3.0,"월5[354-0410],수6,7[354-0410]",월5[354-0410],"수6,7[354-0410]",수학물리학부,
520,561,전선,기초통계학,가좌캠퍼스,3.0,"월1,2[354-0409],수3[354-0409]","월1,2[354-0409]",수3[354-0409],수학물리학부,
521,562,전선,선형대수학,가좌캠퍼스,3.0,"화5[354-0411],목6,7[354-0411]",화5[354-0411],"목6,7[354-0411]",수학물리학부,
522,563,전필,현대대수학1,가좌캠퍼스,2.0,"수1,2[354-0410]","수1,2[354-0410]",,수학물리학부,
523,564,전필,현대대수학연습,가좌캠퍼스,1.0,"월8,9[354-0410]","월8,9[354-0410]",,수학물리학부,
524,565,전선,금융수학,가좌캠퍼스,3.0,"월6,7[354-0409],목5[354-0409]","월6,7[354-0409]",목5[354-0409],수학물리학부,
525,566,전선,복소수함수론1,가좌캠퍼스,3.0,"월1,2[354-0411],수3[354-0411]","월1,2[354-0411]",수3[354-0411],수학물리학부,
526,567,전선,위상수학2,가좌캠퍼스,3.0,"월5[354-0411],수6,7[354-0411]",월5[354-0411],"수6,7[354-0411]",수학물리학부,
527,568,전선,수학과교과교육론,가좌캠퍼스,3.0,"화1,2[354-0409],목3[354-0409]","화1,2[354-0409]",목3[354-0409],수학물리학부,
528,570,전선,인공지능수학,가좌캠퍼스,3.0,"화5[354-0409],목6,7[354-0409]",화5[354-0409],"목6,7[354-0409]",수학물리학부,
529,571,전선,종합설계,가좌캠퍼스,3.0,"월6,7[354-0424],목5[354-0424]","월6,7[354-0424]",목5[354-0424],수학물리학부,
530,572,전선,실변수함수론,가좌캠퍼스,3.0,"월1,2[354-0410],수3[354-0410]","월1,2[354-0410]",수3[354-0410],수학물리학부,
531,573,전선,미분기하학2,가좌캠퍼스,3.0,"화1,2[354-0411],목3[354-0411]","화1,2[354-0411]",목3[354-0411],수학물리학부,
532,574,전선,수학과교재연구및지도법,가좌캠퍼스,3.0,"월3[354-0411],목1,2[354-0411]",월3[354-0411],"목1,2[354-0411]",수학물리학부,
533,577,전선,응용수치해석학,가좌캠퍼스,3.0,"월5[354-0423],수6,7[354-0423]",월5[354-0423],"수6,7[354-0423]",수학물리학부,
2417,1,균형교양,고사와성어의탐구,가좌캠퍼스,2.0,"금8,9[024-0141]","금8,9[024-0141]",,,문학과문화
2418,2,균형교양,고사와성어의탐구,가좌캠퍼스,2.0,"월1,2[024-0141]","월1,2[024-0141]",,,문학과문화
2419,3,균형교양,고사와성어의탐구,가좌캠퍼스,2.0,"수3,4[024-0141]","수3,4[024-0141]",,,문학과문화
2420,4,균형교양,그리스로마신화의이해,가좌캠퍼스,2.0,"화3,4[024-0160]","화3,4[024-0160]",,,문학과문화
2423,9,균형교양,문학의이해,가좌캠퍼스,2.0,"월6,7[024-0130]","월6,7[024-0130]",,,문학과문화
2424,10,균형교양,문학의이해,가좌캠퍼스,2.0,"수3,4[024-0130]","수3,4[024-0130]",,,문학과문화
2425,11,균형교양,문학의이해,가좌캠퍼스,2.0,"금3,4[024-0185]","금3,4[024-0185]",,,문학과문화
2426,12,균형교양,문학의이해,가좌캠퍼스,2.0,"금1,2[024-0141]","금1,2[024-0141]",,,문학과문화
2428,14,균형교양,영상으로읽는영미문학,가좌캠퍼스,2.0,"수3,4[102-0101]","수3,4[102-0101]",,,문학과문화
2429,15,균형교양,유라시아의민족과문화,가좌캠퍼스,2.0,"화6,7[024-0171]","화6,7[024-0171]",,,문학과문화
2431,19,균형교양,유럽문화의이해,가좌캠퍼스,2.0,"화8,9[024-0156]","화8,9[024-0156]",,,문학과문화
2434,22,균형교양,일본문화의이해,가좌캠퍼스,2.0,"월6,7[024-0260]","월6,7[024-0260]",,,문학과문화
2435,23,균형교양,일본문화의이해,가좌캠퍼스,2.0,"수1,2[024-0275]","수1,2[024-0275]",,,문학과문화
2436,24,균형교양,일본문화의이해,가좌캠퍼스,2.0,"수8,9[024-0275]","수8,9[024-0275]",,,문학과문화
2437,25,균형교양,일본문화의이해,가좌캠퍼스,2.0,"목8,9[024-0227]","목8,9[024-0227]",,,문학과문화
2438,26,균형교양,일본문화의이해,가좌캠퍼스,2.0,"월3,4[024-0230]","월3,4[024-0230]",,,문학과문화
2441,29,균형교양,저작권의이해,가좌캠퍼스,2.0,"목8,9[024-0256]","목8,9[024-0256]",,,문학과문화
2442,30,균형교양,저작권의이해,가좌캠퍼스,2.0,"월8,9[024-0243]","월8,9[024-0243]",,,문학과문화
2443,31,균형교양,프랑스문화와언어의이해,가좌캠퍼스,2.0,"금6,7[024-0175]","금6,7[024-0175]",,,문학과문화
2444,32,균형교양,프랑스어권문화여행,가좌캠퍼스,2.0,"금3,4[024-0141]","금3,4[024-0141]",,,문학과문화
2445,33,균형교양,한국의전통사상과민족문화,가좌캠퍼스,2.0,"목6,7[024-0241]","목6,7[024-0241]",,,문학과문화
2446,34,균형교양,한자의이해,가좌캠퍼스,2.0,"월8,9[024-0145]","월8,9[024-0145]",,,문학과문화
2447,35,균형교양,한자의이해,가좌캠퍼스,2.0,"목3,4[024-0175]","목3,4[024-0175]",,,문학과문화
2448,36,균형교양,한자의이해,가좌캠퍼스,2.0,"화8,9[024-0145]","화8,9[024-0145]",,,문학과문화
2450,38,균형교양,사이언스픽션과진화적상상력,가좌캠퍼스,2.0,"수3,4[024-0225]","수3,4[024-0225]",,,문학과문화
2451,39,균형교양,세계영화기행,가좌캠퍼스,3.0,"화8,9[024-0127],목9[024-0127]","화8,9[024-0127]",목9[024-0127],,문학과문화
2452,42,균형교양,한류문화산업의이해,가좌캠퍼스,2.0,"수6,7[024-0258]","수6,7[024-0258]",,,문학과문화
2453,43,균형교양,한국고전문학의현대적이해와감상,가좌캠퍼스,2.0,"목3,4[024-0143]","목3,4[024-0143]",,,문학과문화
2454,44,균형교양,한국인의언어와문화,가좌캠퍼스,2.0,"수1,2[024-0225]","수1,2[024-0225]",,,문학과문화
2456,46,균형교양,한국고전의이해,가좌캠퍼스,2.0,"월8,9[024-0275]","월8,9[024-0275]",,,문학과문화
2457,47,균형교양,한국고전과콘텐츠활용,가좌캠퍼스,2.0,"수3,4[024-0156]","수3,4[024-0156]",,,문학과문화
2458,48,균형교양,대중문화읽기,가좌캠퍼스,2.0,"수1,2[024-0258]","수1,2[024-0258]",,,문학과문화
2459,49,균형교양,대중문화읽기,가좌캠퍼스,2.0,"월3,4[024-0256]","월3,4[024-0256]",,,문학과문화
2460,50,균형교양,대중문화읽기,가좌캠퍼스,2.0,"월6,7[024-0230]","월6,7[024-0230]",,,문학과문화
2461,51,균형교양,대중문화읽기,가좌캠퍼스,2.0,"화8,9[024-0230]","화8,9[024-0230]",,,문학과문화
2462,52,균형교양,대중문화읽기,가좌캠퍼스,2.0,"금1,2[024-0256]","금1,2[024-0256]",,,문학과문화
2463,53,균형교양,거울에비친유럽문명,가좌캠퍼스,2.0,"화6,7[024-0260]","화6,7[024-0260]",,,역사와철학
2464,54,균형교양,거울에비친유럽문명,가좌캠퍼스,2.0,"수6,7[024-0145]","수6,7[024-0145]",,,역사와철학
2466,56,균형교양,과학기술과철학,가좌캠퍼스,2.0,"화3,4[024-0130]","화3,4[024-0130]",,,역사와철학
2469,59,균형교양,동아시아의고전이해,가좌캠퍼스,2.0,"월6,7[024-0125]","월6,7[024-0125]",,,역사와철학
2470,60,균형교양,동아시아의고전이해,가좌캠퍼스,2.0,"목6,7[024-0230]","목6,7[024-0230]",,,역사와철학
2471,61,균형교양,동아시아의고전이해,가좌캠퍼스,2.0,"화3,4[024-0141]","화3,4[024-0141]",,,역사와철학
2474,64,균형교양,동아시아의사상,가좌캠퍼스,2.0,"월8,9[024-0175]","월8,9[024-0175]",,,역사와철학
2475,65,균형교양,사회윤리,가좌캠퍼스,2.0,"화1,2[024-0145]","화1,2[024-0145]",,,역사와철학
2477,67,균형교양,생명의료윤리,가좌캠퍼스,2.0,"수3,4[024-0143]","수3,4[024-0143]",,,역사와철학
2479,69,균형교양,서양미술의역사,가좌캠퍼스,2.0,"수8,9[024-0141]","수8,9[024-0141]",,,역사와철학
2480,70,균형교양,예술과생활,가좌캠퍼스,2.0,"화6,7[024-0160]","화6,7[024-0160]",,,역사와철학
2482,72,균형교양,인간과윤리,가좌캠퍼스,2.0,"월8,9[024-0256]","월8,9[024-0256]",,,역사와철학
2485,75,균형교양,인도의신화와철학,가좌캠퍼스,2.0,"화3,4[024-0175]","화3,4[024-0175]",,,역사와철학
2486,76,균형교양,일화로보는한국인물사,가좌캠퍼스,2.0,"화3,4[024-0230]","화3,4[024-0230]",,,역사와철학
2487,77,균형교양,한국근현대사이해,가좌캠퍼스,2.0,"수1,2[024-0256]","수1,2[024-0256]",,,역사와철학
2488,78,균형교양,한국근현대사이해,가좌캠퍼스,2.0,"월8,9[024-0171]","월8,9[024-0171]",,,역사와철학
2491,81,균형교양,한국인의역사인식,가좌캠퍼스,2.0,"화3,4[024-0260]","화3,4[024-0260]",,,역사와철학
2494,84,균형교양,한국사인물산책,가좌캠퍼스,2.0,"목6,7[024-0243]","목6,7[024-0243]",,,역사와철학
2496,86,균형교양,한국사인물산책,가좌캠퍼스,2.0,"목1,2[024-0143]","목1,2[024-0143]",,,역사와철학
2497,87,균형교양,이슈로보는중국,가좌캠퍼스,2.0,"월3,4[024-0258]","월3,4[024-0258]",,,역사와철학
2499,89,균형교양,물품의세계사,가좌캠퍼스,2.0,"목6,7[024-0127]","목6,7[024-0127]",,,역사와철학
2501,91,균형교양,FTA의이해와활용,가좌캠퍼스,2.0,"수8,9[024-0127]","수8,9[024-0127]",,,인간과사회
2502,92,균형교양,나의삶과지방자치,가좌캠퍼스,2.0,"수1,2[024-0143]","수1,2[024-0143]",,,인간과사회
2503,93,균형교양,마음의문제,가좌캠퍼스,2.0,"목3,4[024-0256]","목3,4[024-0256]",,,인간과사회
2504,94,균형교양,마음의문제,가좌캠퍼스,2.0,"월6,7[024-0256]","월6,7[024-0256]",,,인간과사회
2506,96,균형교양,문화간소통과글로벌에티켓,가좌캠퍼스,2.0,"수3,4[024-0175]","수3,4[024-0175]",,,인간과사회
2507,97,균형교양,문화간소통과글로벌에티켓,가좌캠퍼스,2.0,"월1,2[024-0145]","월1,2[024-0145]",,,인간과사회
2508,98,균형교양,범죄와인권,가좌캠퍼스,2.0,"수1,2[024-0260]","수1,2[024-0260]",,,인간과사회
2509,99,균형교양,범죄와인권,가좌캠퍼스,2.0,"목1,2[024-0230]","목1,2[024-0230]",,,인간과사회
2510,100,균형교양,범죄와인권,가좌캠퍼스,2.0,"화3,4[024-0185]","화3,4[024-0185]",,,인간과사회
2513,103,균형교양,북한정치와사회,가좌캠퍼스,2.0,"목3,4[024-0185]","목3,4[024-0185]",,,인간과사회
2514,104,균형교양,북한정치와사회,가좌캠퍼스,2.0,"목8,9[024-0258]","목8,9[024-0258]",,,인간과사회
2515,107,균형교양,생활법률,가좌캠퍼스,2.0,"월3,4[024-0275]","월3,4[024-0275]",,,인간과사회
2516,108,균형교양,생활법률,가좌캠퍼스,2.0,"월6,7[024-0275]","월6,7[024-0275]",,,인간과사회
2517,109,균형교양,생활법률,가좌캠퍼스,2.0,"수1,2[024-0175]","수1,2[024-0175]",,,인간과사회
2518,110,균형교양,생활법률,가좌캠퍼스,2.0,"수3,4[024-0245]","수3,4[024-0245]",,,인간과사회
2519,111,균형교양,생활법률,가좌캠퍼스,2.0,"금3,4[024-0260]","금3,4[024-0260]",,,인간과사회
2520,112,균형교양,생활법률,가좌캠퍼스,2.0,"목6,7[024-0258]","목6,7[024-0258]",,,인간과사회
2523,115,균형교양,여성과사회,가좌캠퍼스,2.0,"화6,7[024-0271]","화6,7[024-0271]",,,인간과사회
2525,117,균형교양,정치경제학의이해,가좌캠퍼스,2.0,"수3,4[024-0158]","수3,4[024-0158]",,,인간과사회
2526,118,균형교양,직장과심리학,가좌캠퍼스,2.0,"화6,7[024-0256]","화6,7[024-0256]",,,인간과사회
2529,121,균형교양,한국경제의이해,가좌캠퍼스,2.0,"금1,2[024-0230]","금1,2[024-0230]",,,인간과사회
2531,123,균형교양,경제학뒤집어보기,가좌캠퍼스,2.0,"화3,4[459-0101]","화3,4[459-0101]",,,인간과사회
2532,126,균형교양,20대를위한행복심리학,가좌캠퍼스,2.0,"화3,4[024-0225]","화3,4[024-0225]",,,인간과사회
2534,128,균형교양,다문화교육의이해,가좌캠퍼스,2.0,"화1,2[024-0175]","화1,2[024-0175]",,,인간과사회
2535,130,균형교양,심리학으로푸는스트레스,가좌캠퍼스,2.0,"화8,9[024-0141]","화8,9[024-0141]",,,인간과사회
2536,131,균형교양,심리학으로푸는스트레스,가좌캠퍼스,2.0,"월3,4[024-0156]","월3,4[024-0156]",,,인간과사회
2538,133,균형교양,인터넷윤리,가좌캠퍼스,2.0,"월1,2[024-0225]","월1,2[024-0225]",,,인간과사회
2539,136,균형교양,평화사상과통일의길,가좌캠퍼스,2.0,"금6,7[024-0171]","금6,7[024-0171]",,,인간과사회
2540,139,균형교양,GNU인성,가좌캠퍼스,2.0,"화8,9[024-0125]","화8,9[024-0125]",,,인간과사회
2541,140,균형교양,GNU인성,가좌캠퍼스,2.0,"화8,9[024-0256]","화8,9[024-0256]",,,인간과사회
2542,141,균형교양,GNU인성,가좌캠퍼스,2.0,"화8,9[024-0258]","화8,9[024-0258]",,,인간과사회
2545,144,균형교양,세계도시의이해,가좌캠퍼스,2.0,"월1,2[024-0258]","월1,2[024-0258]",,,인간과사회
2546,145,균형교양,기업경영과공학의이해,가좌캠퍼스,2.0,"토8,9[405-0212]","토8,9[405-0212]",,,인간과사회
2547,146,균형교양,법적용과법적사고의기초적이해,가좌캠퍼스,2.0,"수1,2[251-0201]","수1,2[251-0201]",,,인간과사회
2548,147,균형교양,영상콘텐츠기획의기초,가좌캠퍼스,2.0,"목3,4[024-0145]","목3,4[024-0145]",,,인간과사회
2549,148,균형교양,부란무엇인가,가좌캠퍼스,2.0,"화8,9[459-0101]","화8,9[459-0101]",,,인간과사회
2550,149,균형교양,디지털시대의욕망과나다움,가좌캠퍼스,2.0,"월1,2[024-0245]","월1,2[024-0245]",,,인간과사회
2551,150,균형교양,SDGs와인간,가좌캠퍼스,2.0,"수6,7[024-0158]","수6,7[024-0158]",,,인간과사회
2552,151,균형교양,SDGs의이해와실제,가좌캠퍼스,2.0,"월6,7[024-0141]","월6,7[024-0141]",,,인간과사회
2553,152,균형교양,인공지능과미래사회그리고법,가좌캠퍼스,2.0,"수1,2[024-0145]","수1,2[024-0145]",,,인간과사회
2554,153,균형교양,유럽도시문화산책,가좌캠퍼스,2.0,"목6,7[024-0156]","목6,7[024-0156]",,,인간과사회
2555,155,균형교양,직장생활과윤리적리더십,가좌캠퍼스,2.0,"금3,4[024-0171]","금3,4[024-0171]",,,인간과사회
2556,158,균형교양,패션으로세상읽기,가좌캠퍼스,2.0,"화8,9[001-304강의실(공용)]","화8,9[001-304강의실(공용)]",,,인간과사회
2558,160,균형교양,기업시민경영과ESG,가좌캠퍼스,2.0,"목8,9[024-0160]","목8,9[024-0160]",,,인간과사회
2559,161,균형교양,지속가능환경,가좌캠퍼스,2.0,"목6,7[024-0125]","목6,7[024-0125]",,,인간과사회
2560,162,균형교양,ESG경영관리,가좌캠퍼스,2.0,"목6,7[024-0160]","목6,7[024-0160]",,,인간과사회
2561,163,균형교양,인간의이해,가좌캠퍼스,2.0,"목8,9[024-0145]","목8,9[024-0145]",,,인간과사회
2563,165,균형교양,방송뉴스의이해와실습,가좌캠퍼스,2.0,"수11,12[303-0417]","수11,12[303-0417]",,,인간과사회
2564,166,균형교양,생활과건강,가좌캠퍼스,2.0,"화3,4[024-0245]","화3,4[024-0245]",,,생명과환경
2566,168,균형교양,생활원예,가좌캠퍼스,2.0,"화6,7[024-0156]","화6,7[024-0156]",,,생명과환경
2567,169,균형교양,생활원예,가좌캠퍼스,2.0,"화8,9[024-0160]","화8,9[024-0160]",,,생명과환경
2570,172,균형교양,식량과인간,가좌캠퍼스,2.0,"목8,9[459-0101]","목8,9[459-0101]",,,생명과환경
2571,173,균형교양,식량과인간,가좌캠퍼스,2.0,"금10,11[011-0401]","금10,11[011-0401]",,,생명과환경
2572,174,균형교양,자연과학의발달사,가좌캠퍼스,2.0,"목6,7[024-0185]","목6,7[024-0185]",,,생명과환경
2573,177,균형교양,약과건강,가좌캠퍼스,2.0,"화1,2[024-0230]","화1,2[024-0230]",,,생명과환경
2576,180,균형교양,SDGs와자연,가좌캠퍼스,2.0,"수8,9[024-0158]","수8,9[024-0158]",,,생명과환경
2578,182,균형교양,실용수학,가좌캠퍼스,2.0,"화1,2[024-0158]","화1,2[024-0158]",,,과학과기술
2579,183,균형교양,실용수학,가좌캠퍼스,2.0,"화3,4[024-0158]","화3,4[024-0158]",,,과학과기술
2580,184,균형교양,실용수학,가좌캠퍼스,2.0,"금1,2[024-0160]","금1,2[024-0160]",,,과학과기술
2582,186,균형교양,우주와지구,가좌캠퍼스,2.0,"목6,7[354-0504]","목6,7[354-0504]",,,과학과기술
2583,187,균형교양,우주와지구,가좌캠퍼스,2.0,"화6,7[024-0130]","화6,7[024-0130]",,,과학과기술
2584,188,균형교양,우주와지구,가좌캠퍼스,2.0,"화8,9[024-0130]","화8,9[024-0130]",,,과학과기술
2585,189,균형교양,우주와지구,가좌캠퍼스,2.0,"목6,7[024-0130]","목6,7[024-0130]",,,과학과기술
2586,190,균형교양,우주와지구,가좌캠퍼스,2.0,"목8,9[024-0130]","목8,9[024-0130]",,,과학과기술
2587,191,균형교양,정보와통계,가좌캠퍼스,2.0,"화3,4[102-0101]","화3,4[102-0101]",,,과학과기술
2588,192,균형교양,환경과오염,가좌캠퍼스,2.0,"월6,7[024-0156]","월6,7[024-0156]",,,과학과기술
2589,193,균형교양,환경과오염,가좌캠퍼스,2.0,"화6,7[024-0127]","화6,7[024-0127]",,,과학과기술
2590,194,균형교양,환경과오염,가좌캠퍼스,2.0,"수1,2[024-0130]","수1,2[024-0130]",,,과학과기술
2591,195,균형교양,환경과오염,가좌캠퍼스,2.0,"월6,7[024-0160]","월6,7[024-0160]",,,과학과기술
2592,196,균형교양,환경과오염,가좌캠퍼스,2.0,"금3,4[024-0230]","금3,4[024-0230]",,,과학과기술
2596,200,균형교양,특허의이해,가좌캠퍼스,2.0,"수8,9[024-0185]","수8,9[024-0185]",,,과학과기술
2597,201,균형교양,금융속의수,가좌캠퍼스,2.0,"화6,7[352-0111]","화6,7[352-0111]",,,과학과기술
2598,202,균형교양,금융속의수,가좌캠퍼스,2.0,"화8,9[352-0111]","화8,9[352-0111]",,,과학과기술
2600,204,균형교양,인간과지구환경,가좌캠퍼스,2.0,"목1,2[024-0125]","목1,2[024-0125]",,,과학과기술
2601,205,균형교양,인간과지구환경,가좌캠퍼스,2.0,"목3,4[024-0127]","목3,4[024-0127]",,,과학과기술
2602,206,균형교양,인간과지구환경,가좌캠퍼스,2.0,"화1,2[024-0143]","화1,2[024-0143]",,,과학과기술
2603,207,균형교양,인간과지구환경,가좌캠퍼스,2.0,"화3,4[024-0143]","화3,4[024-0143]",,,과학과기술
2605,209,균형교양,4차산업혁명과과학기술,가좌캠퍼스,2.0,"화8,9[024-0185]","화8,9[024-0185]",,,과학과기술
2607,211,균형교양,공연예술과문화,가좌캠퍼스,2.0,"목3,4[024-0125]","목3,4[024-0125]",,,예술과체육
2609,213,균형교양,국악의이해,가좌캠퍼스,2.0,"화6,7[024-0243]","화6,7[024-0243]",,,예술과체육
2611,215,균형교양,디지털게임과문화,가좌캠퍼스,2.0,"월3,4[024-0160]","월3,4[024-0160]",,,예술과체육
2613,217,균형교양,디지털사진찍기,가좌캠퍼스,2.0,"금6,7[024-0185]","금6,7[024-0185]",,,예술과체육
2614,218,균형교양,"레져스포츠(볼링,골프,스포츠클라이밍,스포츠댄스,방송댄스)",가좌캠퍼스,1.0,"월6,7[005-0124]","월6,7[005-0124]",,,예술과체육
2615,219,균형교양,"레져스포츠(볼링,골프,스포츠클라이밍,스포츠댄스,방송댄스)",가좌캠퍼스,1.0,"월8,9[005-0122]","월8,9[005-0122]",,,예술과체육
2616,220,균형교양,"레져스포츠(볼링,골프,스포츠클라이밍,스포츠댄스,방송댄스)",가좌캠퍼스,1.0,"화8,9[005-0108]","화8,9[005-0108]",,,예술과체육
2617,221,균형교양,"레져스포츠(볼링,골프,스포츠클라이밍,스포츠댄스,방송댄스)",가좌캠퍼스,1.0,"월6,7[006-0203]","월6,7[006-0203]",,,예술과체육
2618,222,균형교양,"레져스포츠(볼링,골프,스포츠클라이밍,스포츠댄스,방송댄스)",가좌캠퍼스,1.0,"목3,4[006-0203]","목3,4[006-0203]",,,예술과체육
2619,223,균형교양,"레져스포츠(볼링,골프,스포츠클라이밍,스포츠댄스,방송댄스)",가좌캠퍼스,1.0,"목6,7[006-0203]","목6,7[006-0203]",,,예술과체육
2620,224,균형교양,몸으로보는문화예술,가좌캠퍼스,2.0,"월3,4[024-0125]","월3,4[024-0125]",,,예술과체육
2622,226,균형교양,문화예술교육개론,가좌캠퍼스,2.0,"화3,4[024-0275]","화3,4[024-0275]",,,예술과체육
2623,227,균형교양,발명과혁신을위한창의기법,가좌캠퍼스,2.0,"목8,9[024-0173]","목8,9[024-0173]",,,예술과체육
2624,228,균형교양,"수상스포츠(수영,카약,윈드서핑,수상스키,요트)",가좌캠퍼스,1.0,"월3,4[006-0101]","월3,4[006-0101]",,,예술과체육
2625,229,균형교양,"수상스포츠(수영,카약,윈드서핑,수상스키,요트)",가좌캠퍼스,1.0,"화3,4[006-0101]","화3,4[006-0101]",,,예술과체육
2626,230,균형교양,"수상스포츠(수영,카약,윈드서핑,수상스키,요트)",가좌캠퍼스,1.0,"수3,4[006-0101]","수3,4[006-0101]",,,예술과체육
2627,231,균형교양,"수상스포츠(수영,카약,윈드서핑,수상스키,요트)",가좌캠퍼스,1.0,"목3,4[006-0101]","목3,4[006-0101]",,,예술과체육
2628,232,균형교양,"수상스포츠(수영,카약,윈드서핑,수상스키,요트)",가좌캠퍼스,1.0,"토1,2[303-0717]","토1,2[303-0717]",,,예술과체육
2629,233,균형교양,"수상스포츠(수영,카약,윈드서핑,수상스키,요트)",가좌캠퍼스,1.0,"토3,4[303-0717]","토3,4[303-0717]",,,예술과체육
2630,234,균형교양,연극의이해와감상,가좌캠퍼스,2.0,"월6,7[024-0145]","월6,7[024-0145]",,,예술과체육
2631,235,균형교양,영화의이해,가좌캠퍼스,2.0,"수3,4[024-0127]","수3,4[024-0127]",,,예술과체육
2634,239,균형교양,재미있는미술의세계,가좌캠퍼스,2.0,"목1,2[024-0160]","목1,2[024-0160]",,,예술과체육
2635,240,균형교양,축제와공연예술체험,가좌캠퍼스,2.0,"금1,2[024-0173]","금1,2[024-0173]",,,예술과체육
2636,241,균형교양,현대사회와스포츠,가좌캠퍼스,2.0,"화6,7[024-0145]","화6,7[024-0145]",,,예술과체육
2637,242,균형교양,현대사회와스포츠,가좌캠퍼스,2.0,"월8,9[024-0156]","월8,9[024-0156]",,,예술과체육
2638,243,균형교양,현대사회와스포츠,가좌캠퍼스,2.0,"월8,9[024-0185]","월8,9[024-0185]",,,예술과체육
2641,246,균형교양,"구기(축구,농구,배구,테니스,배드민턴,탁구)",가좌캠퍼스,1.0,"수1,2[043-0X00]","수1,2[043-0X00]",,,예술과체육
2642,247,균형교양,"구기(축구,농구,배구,테니스,배드민턴,탁구)",가좌캠퍼스,1.0,"화6,7[005-0101]","화6,7[005-0101]",,,예술과체육
2643,248,균형교양,"구기(축구,농구,배구,테니스,배드민턴,탁구)",가좌캠퍼스,1.0,"금3,4[005-0101]","금3,4[005-0101]",,,예술과체육
2644,249,균형교양,"구기(축구,농구,배구,테니스,배드민턴,탁구)",가좌캠퍼스,1.0,"월3,4[049-0101]","월3,4[049-0101]",,,예술과체육
2645,250,균형교양,"구기(축구,농구,배구,테니스,배드민턴,탁구)",가좌캠퍼스,1.0,"수6,7[005-0101]","수6,7[005-0101]",,,예술과체육
2646,251,균형교양,"구기(축구,농구,배구,테니스,배드민턴,탁구)",가좌캠퍼스,1.0,"목6,7[005-0101]","목6,7[005-0101]",,,예술과체육
2647,252,균형교양,"구기(축구,농구,배구,테니스,배드민턴,탁구)",가좌캠퍼스,1.0,"목8,9[005-0101]","목8,9[005-0101]",,,예술과체육
2648,253,균형교양,"구기(축구,농구,배구,테니스,배드민턴,탁구)",가좌캠퍼스,1.0,"화3,4[005-0101]","화3,4[005-0101]",,,예술과체육
2651,256,균형교양,"피트니스스포츠(요가,웨이트트레이닝,GX)",가좌캠퍼스,1.0,"화6,7[006-0203]","화6,7[006-0203]",,,예술과체육
2652,257,균형교양,"피트니스스포츠(요가,웨이트트레이닝,GX)",가좌캠퍼스,1.0,"수6,7[006-0203]","수6,7[006-0203]",,,예술과체육
2653,258,균형교양,"피트니스스포츠(요가,웨이트트레이닝,GX)",가좌캠퍼스,1.0,"화8,9[005-0203]","화8,9[005-0203]",,,예술과체육
2654,259,균형교양,"피트니스스포츠(요가,웨이트트레이닝,GX)",가좌캠퍼스,1.0,"수6,7[006-0119]","수6,7[006-0119]",,,예술과체육
2655,260,균형교양,"피트니스스포츠(요가,웨이트트레이닝,GX)",가좌캠퍼스,1.0,"금6,7[006-0119]","금6,7[006-0119]",,,예술과체육
2656,261,균형교양,"피트니스스포츠(요가,웨이트트레이닝,GX)",가좌캠퍼스,1.0,"목8,9[005-0203]","목8,9[005-0203]",,,예술과체육
2657,262,균형교양,"피트니스스포츠(요가,웨이트트레이닝,GX)",가좌캠퍼스,1.0,"화6,7[006-0119]","화6,7[006-0119]",,,예술과체육
2658,263,균형교양,"피트니스스포츠(요가,웨이트트레이닝,GX)",가좌캠퍼스,1.0,"월10,11[005-0203]","월10,11[005-0203]",,,예술과체육
2659,264,균형교양,"피트니스스포츠(요가,웨이트트레이닝,GX)",가좌캠퍼스,1.0,"화10,11[005-0203]","화10,11[005-0203]",,,예술과체육
2660,265,균형교양,"피트니스스포츠(요가,웨이트트레이닝,GX)",가좌캠퍼스,1.0,"목10,11[005-0203]","목10,11[005-0203]",,,예술과체육
2662,267,균형교양,스포츠영화와윤리,가좌캠퍼스,2.0,"월8,9[024-0125]","월8,9[024-0125]",,,예술과체육
2663,268,균형교양,수학자가알려주는전염의원리,가좌캠퍼스,2.0,"화6,7[024-0245]","화6,7[024-0245]",,,예술과체육
2665,270,균형교양,스포츠와ICT,가좌캠퍼스,2.0,"수8,9[024-0227]","수8,9[024-0227]",,,예술과체육
2667,272,균형교양,"자연환경형스포츠(야영,스키)",가좌캠퍼스,1.0,"토1,2[303-0413]","토1,2[303-0413]",,,예술과체육
2668,273,균형교양,"자연환경형스포츠(야영,스키)",가좌캠퍼스,1.0,"토1,2[303-0414]","토1,2[303-0414]",,,예술과체육
2669,274,균형교양,"자연환경형스포츠(야영,스키)",가좌캠퍼스,1.0,"토3,4[303-0413]","토3,4[303-0413]",,,예술과체육
2670,275,균형교양,"자연환경형스포츠(야영,스키)",가좌캠퍼스,1.0,"토3,4[303-0414]","토3,4[303-0414]",,,예술과체육
2671,276,균형교양,"자연환경형스포츠(야영,스키)",가좌캠퍼스,1.0,"토6,7[303-0413]","토6,7[303-0413]",,,예술과체육
2672,277,균형교양,"자연환경형스포츠(야영,스키)",가좌캠퍼스,1.0,"토6,7[301-0124]","토6,7[301-0124]",,,예술과체육
2673,278,균형교양,"자연환경형스포츠(야영,스키)",가좌캠퍼스,1.0,"토8,9[303-0413]","토8,9[303-0413]",,,예술과체육
2674,279,균형교양,운동과건강,가좌캠퍼스,2.0,"화8,9[024-0143]","화8,9[024-0143]",,,예술과체육
2675,280,균형교양,운동과건강,가좌캠퍼스,2.0,"화6,7[024-0185]","화6,7[024-0185]",,,예술과체육
2676,281,균형교양,운동과건강,가좌캠퍼스,2.0,"월6,7[024-0173]","월6,7[024-0173]",,,예술과체육
2678,283,균형교양,꿈을비추는네개의거울,가좌캠퍼스,2.0,"월8,9[024-0260]","월8,9[024-0260]",,,융·복합
2679,284,균형교양,예술과법,가좌캠퍼스,3.0,"월5[024-0160],수6,7[024-0160]",월5[024-0160],"수6,7[024-0160]",,융·복합
2680,285,균형교양,4차산업혁명시대의아프리카지역학,가좌캠퍼스,2.0,"화8,9[024-0271]","화8,9[024-0271]",,,융·복합
2681,286,균형교양,공무원취업행정학,가좌캠퍼스,2.0,"월1,2[024-0143]","월1,2[024-0143]",,,진로와개척
2682,287,균형교양,공학과경영,가좌캠퍼스,2.0,"목6,7[401-0111]","목6,7[401-0111]",,,진로와개척
2683,288,균형교양,공학과경영,가좌캠퍼스,2.0,"화6,7[401-0111]","화6,7[401-0111]",,,진로와개척
2684,291,균형교양,공학윤리,가좌캠퍼스,2.0,"월8,9[024-0173]","월8,9[024-0173]",,,진로와개척
2685,292,균형교양,공학윤리,가좌캠퍼스,2.0,"월6,7[024-0175]","월6,7[024-0175]",,,진로와개척
2686,293,균형교양,공학윤리,가좌캠퍼스,2.0,"화6,7[024-0173]","화6,7[024-0173]",,,진로와개척
2687,294,균형교양,공학윤리,가좌캠퍼스,2.0,"화8,9[024-0173]","화8,9[024-0173]",,,진로와개척
2688,295,균형교양,독일어권취업및유학,가좌캠퍼스,2.0,"목6,7[024-0227]","목6,7[024-0227]",,,진로와개척
2689,296,균형교양,산업경영의이해,가좌캠퍼스,2.0,"화6,7[024-0141]","화6,7[024-0141]",,,진로와개척
2690,297,균형교양,산업경영의이해,가좌캠퍼스,2.0,"화8,9[024-0227]","화8,9[024-0227]",,,진로와개척
2691,300,균형교양,직장생활과법,가좌캠퍼스,2.0,"화6,7[024-0175]","화6,7[024-0175]",,,진로와개척
2695,304,균형교양,창의적사고와문화콘텐츠산업,가좌캠퍼스,2.0,"수6,7[024-0185]","수6,7[024-0185]",,,진로와개척
2696,305,균형교양,진로탐색과로드맵,가좌캠퍼스,2.0,"목1,2[024-0258]","목1,2[024-0258]",,,진로와개척
2697,306,균형교양,진로탐색과로드맵,가좌캠퍼스,2.0,"목3,4[024-0258]","목3,4[024-0258]",,,진로와개척
2699,308,균형교양,진로설정과커리어개발,가좌캠퍼스,2.0,"수6,7[024-0256]","수6,7[024-0256]",,,진로와개척
2700,309,균형교양,진로설정과커리어개발,가좌캠퍼스,2.0,"수8,9[024-0256]","수8,9[024-0256]",,,진로와개척
2702,311,균형교양,소셜이노베이션창업,가좌캠퍼스,2.0,"월5,6,7[028-0804]","월5,6,7[028-0804]",,,진로와개척
2703,312,균형교양,소셜이노베이션창업,가좌캠퍼스,2.0,"목5,6,7[028-0804]","목5,6,7[028-0804]",,,진로와개척
2704,313,균형교양,창업경영시뮬레이션,가좌캠퍼스,2.0,"수3,4[028-0804]","수3,4[028-0804]",,,진로와개척
2705,314,균형교양,창업길라잡이,가좌캠퍼스,2.0,"수6,7[028-0804]","수6,7[028-0804]",,,진로와개척
2707,317,균형교양,기업가정신수도진주,가좌캠퍼스,2.0,"월1,2[028-0804]","월1,2[028-0804]",,,진로와개척
2709,319,균형교양,기술창업기초,가좌캠퍼스,2.0,"월3,4[028-0804]","월3,4[028-0804]",,,진로와개척
2710,320,균형교양,기술창업기초,가좌캠퍼스,2.0,"화3,4[028-0804]","화3,4[028-0804]",,,진로와개척
2712,322,균형교양,기술창업실무,가좌캠퍼스,2.0,"금6,7[028-0804]","금6,7[028-0804]",,,진로와개척
2713,323,균형교양,교양생활중국어,가좌캠퍼스,3.0,"월3[024-0141],목1,2[024-0141]",월3[024-0141],"목1,2[024-0141]",,진로와개척
2715,327,균형교양,지역사회와봉사,가좌캠퍼스,1.0,"목8,9[024-0185]","목8,9[024-0185]",,,진로와개척
2716,328,균형교양,지역사회와봉사,가좌캠퍼스,1.0,"수1,2[024-0185]","수1,2[024-0185]",,,진로와개척
2717,332,균형교양,국제농업교류,가좌캠퍼스,2.0,"금1,2,3[452-0150]","금1,2,3[452-0150]",,,진로와개척
2718,333,균형교양,언어생활과규범,가좌캠퍼스,2.0,"월3,4[024-0143]","월3,4[024-0143]",,,진로와개척
2720,335,균형교양,사물인터넷의이해와경험,가좌캠퍼스,2.0,"화6,7[407-0203]","화6,7[407-0203]",,,진로와개척
2721,336,균형교양,ESG경영의이해,가좌캠퍼스,2.0,"월8,9[024-0130]","월8,9[024-0130]",,,진로와개척
2722,337,균형교양,농생명·바이오종합설계,가좌캠퍼스,2.0,"금1,2[470-B108]","금1,2[470-B108]",,,진로와개척
2723,338,균형교양,남명사상과K-기업가정신,가좌캠퍼스,2.0,"목3,4[028-0804]","목3,4[028-0804]",,,진로와개척
2725,340,균형교양,기업가정신기록하기,가좌캠퍼스,2.0,"화8,9[028-0804]","화8,9[028-0804]",,,진로와개척
2726,341,기초교양,기초중국어,가좌캠퍼스,3.0,"화1,2[024-0141],목3[024-0141]","화1,2[024-0141]",목3[024-0141],,외국어
2727,343,기초교양,러시아어,가좌캠퍼스,3.0,"월6,7[024-0143],목5[024-0143]","월6,7[024-0143]",목5[024-0143],,외국어
2728,344,기초교양,생활속의한문,가좌캠퍼스,3.0,"월1,2[024-0185],수3[024-0185]","월1,2[024-0185]",수3[024-0185],,외국어
2729,345,기초교양,생활속의한문,가좌캠퍼스,3.0,"수1,2[024-0156],금3[024-0156]","수1,2[024-0156]",금3[024-0156],,외국어
2730,346,기초교양,중국어발음,가좌캠퍼스,3.0,"화5[024-0141],목6,7[024-0141]",화5[024-0141],"목6,7[024-0141]",,외국어
2732,348,기초교양,초급생활일본어,가좌캠퍼스,3.0,"화6,7[024-0230],금5[024-0230]","화6,7[024-0230]",금5[024-0230],,외국어
2733,349,기초교양,초급생활일본어,가좌캠퍼스,3.0,"화5[024-0158],목6,7[024-0158]",화5[024-0158],"목6,7[024-0158]",,외국어
2734,350,기초교양,초급생활일본어,가좌캠퍼스,3.0,"월6,7[024-0227],목5[024-0227]","월6,7[024-0227]",목5[024-0227],,외국어
2736,352,기초교양,독일어의이해,가좌캠퍼스,3.0,"수4[024-0145],금4,5[024-0145]",수4[024-0145],"금4,5[024-0145]",,외국어
2737,353,기초교양,기본영어,가좌캠퍼스,3.0,"월1,2[024-0125],수3[024-0125]","월1,2[024-0125]",수3[024-0125],,외국어
2738,354,기초교양,기본영어,가좌캠퍼스,3.0,"월3[024-0225],목1,2[024-0225]",월3[024-0225],"목1,2[024-0225]",,외국어
2739,355,기초교양,기본영어,가좌캠퍼스,3.0,"화3[024-0125],금1,2[024-0125]",화3[024-0125],"금1,2[024-0125]",,외국어
2740,356,기초교양,기본영어,가좌캠퍼스,3.0,"수5[024-0225],금6,7[024-0225]",수5[024-0225],"금6,7[024-0225]",,외국어
2741,357,기초교양,기본영어,가좌캠퍼스,3.0,"화8,9[024-0225],목9[024-0225]","화8,9[024-0225]",목9[024-0225],,외국어
2743,359,기초교양,파이오니어실용영문법초급,가좌캠퍼스,3.0,"화5[024-0143],목6,7[024-0143]",화5[024-0143],"목6,7[024-0143]",,외국어
2744,360,기초교양,파이오니어실용영문법초급,가좌캠퍼스,3.0,"화6,7[024-0225],금5[024-0225]","화6,7[024-0225]",금5[024-0225],,외국어
2745,361,기초교양,AI활용영어읽기(초급),가좌캠퍼스,3.0,"화6,7[024-0143],금5[024-0143]","화6,7[024-0143]",금5[024-0143],,외국어
2746,362,기초교양,AI활용영어읽기(초급),가좌캠퍼스,3.0,"월6,7[024-0225],목5[024-0225]","월6,7[024-0225]",목5[024-0225],,외국어
2747,363,기초교양,AI활용영어읽기(초급),가좌캠퍼스,3.0,"월8,9[024-0127],목8[024-0127]","월8,9[024-0127]",목8[024-0127],,외국어
2748,364,기초교양,AI활용영어읽기(초급),가좌캠퍼스,3.0,"수1,2[024-0127],금3[024-0127]","수1,2[024-0127]",금3[024-0127],,외국어
2749,365,기초교양,AI활용영어읽기(초급),가좌캠퍼스,3.0,"화3[024-0127],금1,2[024-0127]",화3[024-0127],"금1,2[024-0127]",,외국어
2751,368,기초교양,AI활용영어읽기(중급),가좌캠퍼스,3.0,"화5[102-0101],목6,7[102-0101]",화5[102-0101],"목6,7[102-0101]",,외국어
2752,369,기초교양,글로벌시사영어,가좌캠퍼스,3.0,"월6,7[024-0158],목5[024-0158]","월6,7[024-0158]",목5[024-0158],,외국어
2753,370,기초교양,"학문목적한국어듣기,말하기1",가좌캠퍼스,2.0,"목3,4[303-0310]","목3,4[303-0310]",,,외국어
2754,371,기초교양,"학문목적한국어듣기,말하기1",가좌캠퍼스,2.0,"수1,2[303-0310]","수1,2[303-0310]",,,외국어
2755,372,기초교양,초급프랑스어,가좌캠퍼스,3.0,"월1,2[024-0227],수3[024-0227]","월1,2[024-0227]",수3[024-0227],,외국어
2756,373,기초교양,동양고전산책,가좌캠퍼스,3.0,"월5[024-0156],수6,7[024-0156]",월5[024-0156],"수6,7[024-0156]",,외국어
2757,374,기초교양,학문목적한국어와한국문화1,가좌캠퍼스,2.0,"화6,7[303-0310]","화6,7[303-0310]",,,외국어
2758,375,기초교양,학문목적한국어와한국문화1,가좌캠퍼스,2.0,"월3,4[303-0310]","월3,4[303-0310]",,,외국어
2759,376,기초교양,"학문목적한국어읽기,쓰기1",가좌캠퍼스,2.0,"월1,2[303-0312]","월1,2[303-0312]",,,외국어
2760,377,기초교양,"학문목적한국어읽기,쓰기1",가좌캠퍼스,2.0,"수6,7[303-0310]","수6,7[303-0310]",,,외국어
2761,378,기초교양,경영정보입문,가좌캠퍼스,3.0,"화1,2[024-0171],목3[024-0171]","화1,2[024-0171]",목3[024-0171],,인문사회
2762,379,기초교양,경영학개론,가좌캠퍼스,3.0,"월1,2[024-0256],수3[024-0256]","월1,2[024-0256]",수3[024-0256],,인문사회
2763,380,기초교양,경영학개론,가좌캠퍼스,3.0,"월3[024-0271],목1,2[024-0271]",월3[024-0271],"목1,2[024-0271]",,인문사회
2764,381,기초교양,경영학개론,가좌캠퍼스,3.0,"화6,7[024-0227],금5[024-0227]","화6,7[024-0227]",금5[024-0227],,인문사회
2765,382,기초교양,경영학개론,가좌캠퍼스,3.0,"월3[024-0260],목1,2[024-0260]",월3[024-0260],"목1,2[024-0260]",,인문사회
2766,383,기초교양,경영학개론,가좌캠퍼스,3.0,"토1,2,3[201-0204]","토1,2,3[201-0204]",,,인문사회
2767,384,기초교양,경영학개론,가좌캠퍼스,3.0,"화8,9[024-0260],목9[024-0260]","화8,9[024-0260]",목9[024-0260],,인문사회
2768,385,기초교양,경제학개론,가좌캠퍼스,3.0,"월5[024-0127],수6,7[024-0127]",월5[024-0127],"수6,7[024-0127]",,인문사회
2769,386,기초교양,경제학개론,가좌캠퍼스,3.0,"화5[024-0145],목6,7[024-0145]",화5[024-0145],"목6,7[024-0145]",,인문사회
2770,387,기초교양,경제학개론,가좌캠퍼스,3.0,"월8,9[024-0160],수5[024-0160]","월8,9[024-0160]",수5[024-0160],,인문사회
2772,389,기초교양,경제학개론,가좌캠퍼스,3.0,"수1,2[024-0271],금3[024-0271]","수1,2[024-0271]",금3[024-0271],,인문사회
2773,390,기초교양,기호학의이해,가좌캠퍼스,3.0,"수1,2[024-0158],금3[024-0158]","수1,2[024-0158]",금3[024-0158],,인문사회
2774,391,기초교양,논리학개론,가좌캠퍼스,3.0,"화8,9[024-0275],목9[024-0275]","화8,9[024-0275]",목9[024-0275],,인문사회
2775,392,기초교양,동양문화사,가좌캠퍼스,3.0,"화5[024-0271],목6,7[024-0271]",화5[024-0271],"목6,7[024-0271]",,인문사회
2777,394,기초교양,무역학개론,가좌캠퍼스,3.0,"월5[024-0230],수6,7[024-0230]",월5[024-0230],"수6,7[024-0230]",,인문사회
2778,395,기초교양,무역학개론,가좌캠퍼스,3.0,"화3[024-0145],금1,2[024-0145]",화3[024-0145],"금1,2[024-0145]",,인문사회
2780,397,기초교양,문학개론,가좌캠퍼스,3.0,"화1,2[102-0101],목3[102-0101]","화1,2[102-0101]",목3[102-0101],,인문사회
2781,398,기초교양,문화콘텐츠의이해,가좌캠퍼스,3.0,"월5[024-0130],수6,7[024-0130]",월5[024-0130],"수6,7[024-0130]",,인문사회
2783,401,기초교양,법학개론,가좌캠퍼스,3.0,"월3[251-0201],목1,2[251-0201]",월3[251-0201],"목1,2[251-0201]",,인문사회
2785,403,기초교양,사회학개론,가좌캠퍼스,3.0,"월8,9[024-0158],목8[024-0158]","월8,9[024-0158]",목8[024-0158],,인문사회
2786,404,기초교양,서양문화사,가좌캠퍼스,3.0,"화8,9[024-0273],목9[024-0273]","화8,9[024-0273]",목9[024-0273],,인문사회
2788,408,기초교양,심리학개론,가좌캠퍼스,3.0,"월3[024-0273],목1,2[024-0273]",월3[024-0273],"목1,2[024-0273]",,인문사회
2789,409,기초교양,심리학개론,가좌캠퍼스,3.0,"수1,2[024-0227],금3[024-0227]","수1,2[024-0227]",금3[024-0227],,인문사회
2790,410,기초교양,심리학개론,가좌캠퍼스,3.0,"월5[024-0227],수6,7[024-0227]",월5[024-0227],"수6,7[024-0227]",,인문사회
2791,411,기초교양,심리학개론,가좌캠퍼스,3.0,"수5[024-0275],금6,7[024-0275]",수5[024-0275],"금6,7[024-0275]",,인문사회
2792,412,기초교양,심리학개론,가좌캠퍼스,3.0,"화8,9[024-0245],목9[024-0245]","화8,9[024-0245]",목9[024-0245],,인문사회
2793,413,기초교양,언어학개론,가좌캠퍼스,3.0,"월5[102-0101],수6,7[102-0101]",월5[102-0101],"수6,7[102-0101]",,인문사회
2794,414,기초교양,언어학개론,가좌캠퍼스,3.0,"화8,9[102-0101],목9[102-0101]","화8,9[102-0101]",목9[102-0101],,인문사회
2795,415,기초교양,정치학개론,가좌캠퍼스,3.0,"화3[024-0171],금1,2[024-0171]",화3[024-0171],"금1,2[024-0171]",,인문사회
2796,416,기초교양,철학입문,가좌캠퍼스,3.0,"월1,2[024-0173],수3[024-0173]","월1,2[024-0173]",수3[024-0173],,인문사회
2798,418,기초교양,한국사개관,가좌캠퍼스,3.0,"월6,7[024-0127],목5[024-0127]","월6,7[024-0127]",목5[024-0127],,인문사회
2799,419,기초교양,한국사개관,가좌캠퍼스,3.0,"월5[024-0245],수6,7[024-0245]",월5[024-0245],"수6,7[024-0245]",,인문사회
2800,420,기초교양,행정학개론,가좌캠퍼스,3.0,"월3[024-0175],목1,2[024-0175]",월3[024-0175],"목1,2[024-0175]",,인문사회
2801,421,기초교양,행정학개론,가좌캠퍼스,3.0,"월8,9[024-0225],목8[024-0225]","월8,9[024-0225]",목8[024-0225],,인문사회
2802,422,기초교양,현대사회와법,가좌캠퍼스,3.0,"월8,9[024-0143],목8[024-0143]","월8,9[024-0143]",목8[024-0143],,인문사회
2803,423,기초교양,회계입문,가좌캠퍼스,3.0,"화1,2[024-0245],목3[024-0245]","화1,2[024-0245]",목3[024-0245],,인문사회
2804,424,기초교양,회계입문,가좌캠퍼스,3.0,"월6,7[024-0245],목5[024-0245]","월6,7[024-0245]",목5[024-0245],,인문사회
2805,425,기초교양,회계입문,가좌캠퍼스,3.0,"화5[024-0245],목6,7[024-0245]",화5[024-0245],"목6,7[024-0245]",,인문사회
2806,426,기초교양,회계입문,가좌캠퍼스,3.0,"월6,7[024-0185],목5[024-0185]","월6,7[024-0185]",목5[024-0185],,인문사회
2807,428,기초교양,민주시민교육의이해와실천,가좌캠퍼스,3.0,"목8,9,10[303-0715]","목8,9,10[303-0715]",,,인문사회
2808,429,기초교양,예술의이해,가좌캠퍼스,3.0,"월5[024-0125],수6,7[024-0125]",월5[024-0125],"수6,7[024-0125]",,인문사회
2809,430,기초교양,음악의즐거움:바흐에서방탄소년단(BTS)까지,가좌캠퍼스,3.0,"월3[024-0185],목1,2[024-0185]",월3[024-0185],"목1,2[024-0185]",,인문사회
2810,431,기초교양,기초생물학,가좌캠퍼스,3.0,"화8,9[354-0504],목9[354-0504]","화8,9[354-0504]",목9[354-0504],,자연
2811,432,기초교양,기초생물학,가좌캠퍼스,3.0,"금6,7,8[452-0217]","금6,7,8[452-0217]",,,자연
2815,436,기초교양,물리학1,가좌캠퍼스,3.0,"수1,2[352-0205],금4[352-0205]","수1,2[352-0205]",금4[352-0205],,자연
2816,437,기초교양,물리학1,가좌캠퍼스,3.0,"월5[354-0504],수6,7[354-0504]",월5[354-0504],"수6,7[354-0504]",,자연
2817,438,기초교양,물리학1,가좌캠퍼스,3.0,"수5[024-0141],금6,7[024-0141]",수5[024-0141],"금6,7[024-0141]",,자연
2818,439,기초교양,물리학1,가좌캠퍼스,3.0,"수1,2[024-0273],금3[024-0273]","수1,2[024-0273]",금3[024-0273],,자연
2819,440,기초교양,물리학1,가좌캠퍼스,3.0,"월5[024-0225],수6,7[024-0225]",월5[024-0225],"수6,7[024-0225]",,자연
2820,441,기초교양,물리학1,가좌캠퍼스,3.0,"화6,7[024-0275],금5[024-0275]","화6,7[024-0275]",금5[024-0275],,자연
2821,442,기초교양,물리학1,가좌캠퍼스,3.0,"월3[024-0158],목1,2[024-0158]",월3[024-0158],"목1,2[024-0158]",,자연
2822,443,기초교양,물리학1,가좌캠퍼스,3.0,"월1,2[024-0273],수3[024-0273]","월1,2[024-0273]",수3[024-0273],,자연
2823,444,기초교양,물리학1,가좌캠퍼스,3.0,"월1,2[024-0271],수3[024-0271]","월1,2[024-0271]",수3[024-0271],,자연
2824,445,기초교양,물리학1,가좌캠퍼스,3.0,"화5[024-0173],목6,7[024-0173]",화5[024-0173],"목6,7[024-0173]",,자연
2825,446,기초교양,물리학1,가좌캠퍼스,3.0,"화5[024-0175],목6,7[024-0175]",화5[024-0175],"목6,7[024-0175]",,자연
2826,447,기초교양,물리학1,가좌캠퍼스,3.0,"화5[024-0260],목6,7[024-0260]",화5[024-0260],"목6,7[024-0260]",,자연
2827,448,기초교양,물리학1,가좌캠퍼스,3.0,"금8,9,10[024-0258]","금8,9,10[024-0258]",,,자연
2828,449,기초교양,물리학1,가좌캠퍼스,3.0,"월3[024-0173],목1,2[024-0173]",월3[024-0173],"목1,2[024-0173]",,자연
2829,450,기초교양,물리학1,가좌캠퍼스,3.0,"화3[024-0273],금1,2[024-0273]",화3[024-0273],"금1,2[024-0273]",,자연
2830,451,기초교양,물리학1,가좌캠퍼스,3.0,"화5[024-0273],목6,7[024-0273]",화5[024-0273],"목6,7[024-0273]",,자연
2831,452,기초교양,물리학1,가좌캠퍼스,3.0,"월1,2[024-0275],수3[024-0275]","월1,2[024-0275]",수3[024-0275],,자연
2832,453,기초교양,물리학1,가좌캠퍼스,3.0,"월6,7[024-0273],목5[024-0273]","월6,7[024-0273]",목5[024-0273],,자연
2834,455,기초교양,물리학1,가좌캠퍼스,3.0,"금5,6,7[601-0220]","금5,6,7[601-0220]",,,자연
2837,458,기초교양,물리학1,가좌캠퍼스,3.0,"수1,2[352-0103],금4[352-0103]","수1,2[352-0103]",금4[352-0103],,자연
2838,459,기초교양,물리학2,가좌캠퍼스,3.0,"월3[024-0127],목1,2[024-0127]",월3[024-0127],"목1,2[024-0127]",,자연
2839,460,기초교양,물리학실험1,가좌캠퍼스,1.0,"금1,2[351-0204]","금1,2[351-0204]",,,자연
2840,461,기초교양,물리학실험1,가좌캠퍼스,1.0,"목6,7[351-0104]","목6,7[351-0104]",,,자연
2841,462,기초교양,물리학실험1,가좌캠퍼스,1.0,"목6,7[351-0204]","목6,7[351-0204]",,,자연
2842,463,기초교양,물리학실험1,가좌캠퍼스,1.0,"월6,7[351-0104]","월6,7[351-0104]",,,자연
2843,464,기초교양,물리학실험1,가좌캠퍼스,1.0,"월6,7[351-0119]","월6,7[351-0119]",,,자연
2844,465,기초교양,물리학실험1,가좌캠퍼스,1.0,"월6,7[351-0204]","월6,7[351-0204]",,,자연
2845,466,기초교양,물리학실험1,가좌캠퍼스,1.0,"월8,9[351-0104]","월8,9[351-0104]",,,자연
2846,467,기초교양,물리학실험1,가좌캠퍼스,1.0,"월8,9[351-0119]","월8,9[351-0119]",,,자연
2847,468,기초교양,물리학실험1,가좌캠퍼스,1.0,"수6,7[351-0119]","수6,7[351-0119]",,,자연
2848,469,기초교양,물리학실험1,가좌캠퍼스,1.0,"월3,4[351-0204]","월3,4[351-0204]",,,자연
2849,470,기초교양,물리학실험1,가좌캠퍼스,1.0,"화1,2[351-0119]","화1,2[351-0119]",,,자연
2850,471,기초교양,물리학실험1,가좌캠퍼스,1.0,"월1,2[351-0119]","월1,2[351-0119]",,,자연
2851,472,기초교양,물리학실험1,가좌캠퍼스,1.0,"금3,4[351-0104]","금3,4[351-0104]",,,자연
2852,473,기초교양,물리학실험1,가좌캠퍼스,1.0,"금3,4[351-0119]","금3,4[351-0119]",,,자연
2853,474,기초교양,물리학실험1,가좌캠퍼스,1.0,"금3,4[351-0204]","금3,4[351-0204]",,,자연
2854,475,기초교양,물리학실험1,가좌캠퍼스,1.0,"화1,2[351-0104]","화1,2[351-0104]",,,자연
2855,476,기초교양,물리학실험1,가좌캠퍼스,1.0,"화3,4[351-0119]","화3,4[351-0119]",,,자연
2856,477,기초교양,물리학실험1,가좌캠퍼스,1.0,"수6,7[351-0104]","수6,7[351-0104]",,,자연
2857,478,기초교양,물리학실험1,가좌캠퍼스,1.0,"수3,4[351-0119]","수3,4[351-0119]",,,자연
2858,479,기초교양,물리학실험1,가좌캠퍼스,1.0,"화3,4[351-0104]","화3,4[351-0104]",,,자연
2859,480,기초교양,물리학실험1,가좌캠퍼스,1.0,"목3,4[351-0104]","목3,4[351-0104]",,,자연
2860,481,기초교양,물리학실험1,가좌캠퍼스,1.0,"목3,4[351-0119]","목3,4[351-0119]",,,자연
2861,482,기초교양,물리학실험1,가좌캠퍼스,1.0,"수1,2[351-0204]","수1,2[351-0204]",,,자연
2862,483,기초교양,물리학실험1,가좌캠퍼스,1.0,"화3,4[351-0204]","화3,4[351-0204]",,,자연
2863,484,기초교양,물리학실험1,가좌캠퍼스,1.0,"화1,2[351-0204]","화1,2[351-0204]",,,자연
2864,485,기초교양,물리학실험1,가좌캠퍼스,1.0,"화6,7[351-0104]","화6,7[351-0104]",,,자연
2865,486,기초교양,물리학실험1,가좌캠퍼스,1.0,"화6,7[351-0119]","화6,7[351-0119]",,,자연
2866,487,기초교양,물리학실험1,가좌캠퍼스,1.0,"화8,9[351-0104]","화8,9[351-0104]",,,자연
2867,488,기초교양,물리학실험1,가좌캠퍼스,1.0,"금6,7[351-0104]","금6,7[351-0104]",,,자연
2868,489,기초교양,물리학실험1,가좌캠퍼스,1.0,"금8,9[351-0104]","금8,9[351-0104]",,,자연
2869,490,기초교양,물리학실험1,가좌캠퍼스,1.0,"금6,7[351-0119]","금6,7[351-0119]",,,자연
2870,491,기초교양,생물학1,가좌캠퍼스,3.0,"화5[352-0111],목6,7[352-0111]",화5[352-0111],"목6,7[352-0111]",,자연
2871,492,기초교양,생물학1,가좌캠퍼스,3.0,"화5[352-0106],목6,7[352-0106]",화5[352-0106],"목6,7[352-0106]",,자연
2872,493,기초교양,생물학1,가좌캠퍼스,3.0,"화6,7[354-0504],금5[354-0504]","화6,7[354-0504]",금5[354-0504],,자연
2873,494,기초교양,생물학1,가좌캠퍼스,3.0,"화1,2[459-0102],목3[459-0102]","화1,2[459-0102]",목3[459-0102],,자연
2874,495,기초교양,생물학1,가좌캠퍼스,3.0,"월3[459-0102],목1,2[459-0102]",월3[459-0102],"목1,2[459-0102]",,자연
2875,496,기초교양,생물학1,가좌캠퍼스,3.0,"월3[459-0310],목1,2[459-0310]",월3[459-0310],"목1,2[459-0310]",,자연
2876,497,기초교양,생물학1,가좌캠퍼스,3.0,"화5[459-0310],목6,7[459-0310]",화5[459-0310],"목6,7[459-0310]",,자연
2877,498,기초교양,생물학1,가좌캠퍼스,3.0,"화5[501-B102],목6,7[501-B102]",화5[501-B102],"목6,7[501-B102]",,자연
2878,499,기초교양,생물학1,가좌캠퍼스,3.0,"화6,7[028-0420],금5[028-0420]","화6,7[028-0420]",금5[028-0420],,자연
2879,500,기초교양,생물학1,가좌캠퍼스,3.0,"월1,2[354-0504],수3[354-0504]","월1,2[354-0504]",수3[354-0504],,자연
2880,501,기초교양,생물학1,가좌캠퍼스,3.0,"월3[354-0504],목1,2[354-0504]",월3[354-0504],"목1,2[354-0504]",,자연
2881,502,기초교양,생물학실험1,가좌캠퍼스,1.0,"금3,4[351-0311]","금3,4[351-0311]",,,자연
2882,503,기초교양,생물학실험1,가좌캠퍼스,1.0,"금3,4[351-0404]","금3,4[351-0404]",,,자연
2883,504,기초교양,생물학실험1,가좌캠퍼스,1.0,"목1,2[351-0311]","목1,2[351-0311]",,,자연
2884,505,기초교양,생물학실험1,가좌캠퍼스,1.0,"수1,2[351-0311]","수1,2[351-0311]",,,자연
2885,506,기초교양,생물학실험1,가좌캠퍼스,1.0,"수1,2[351-0404]","수1,2[351-0404]",,,자연
2886,507,기초교양,생물학실험1,가좌캠퍼스,1.0,"수3,4[351-0311]","수3,4[351-0311]",,,자연
2887,508,기초교양,생물학실험1,가좌캠퍼스,1.0,"수3,4[351-0404]","수3,4[351-0404]",,,자연
2888,509,기초교양,생물학실험1,가좌캠퍼스,1.0,"수6,7[351-0311]","수6,7[351-0311]",,,자연
2889,510,기초교양,생물학실험1,가좌캠퍼스,1.0,"수6,7[351-0404]","수6,7[351-0404]",,,자연
2890,511,기초교양,생물학실험1,가좌캠퍼스,1.0,"월6,7[351-0311]","월6,7[351-0311]",,,자연
2891,512,기초교양,생물학실험1,가좌캠퍼스,1.0,"월6,7[351-0404]","월6,7[351-0404]",,,자연
2892,513,기초교양,생물학실험1,가좌캠퍼스,1.0,"월3,4[351-0311]","월3,4[351-0311]",,,자연
2893,514,기초교양,생물학실험1,가좌캠퍼스,1.0,"월3,4[351-0404]","월3,4[351-0404]",,,자연
2894,515,기초교양,생물학실험1,가좌캠퍼스,1.0,"화1,2[351-0311]","화1,2[351-0311]",,,자연
2895,516,기초교양,생물학실험1,가좌캠퍼스,1.0,"화1,2[351-0404]","화1,2[351-0404]",,,자연
2896,517,기초교양,생물학실험1,가좌캠퍼스,1.0,"화3,4[351-0311]","화3,4[351-0311]",,,자연
2897,518,기초교양,생물학실험1,가좌캠퍼스,1.0,"화3,4[351-0404]","화3,4[351-0404]",,,자연
2898,519,기초교양,생물학실험1,가좌캠퍼스,1.0,"목6,7[351-0404]","목6,7[351-0404]",,,자연
2899,520,기초교양,생물학실험1,가좌캠퍼스,1.0,"목3,4[351-0311]","목3,4[351-0311]",,,자연
2900,521,기초교양,생물학실험1,가좌캠퍼스,1.0,"목3,4[351-0404]","목3,4[351-0404]",,,자연
2901,522,기초교양,수학1,가좌캠퍼스,3.0,"화5[354-0410],목6,7[354-0410]",화5[354-0410],"목6,7[354-0410]",,자연
2902,523,기초교양,수학1,가좌캠퍼스,3.0,"화5[301-0233],목6,7[301-0233]",화5[301-0233],"목6,7[301-0233]",,자연
2903,524,기초교양,수학1,가좌캠퍼스,3.0,"월5[024-0271],수6,7[024-0271]",월5[024-0271],"수6,7[024-0271]",,자연
2904,525,기초교양,수학1,가좌캠퍼스,3.0,"수5[354-0504],금6,7[354-0504]",수5[354-0504],"금6,7[354-0504]",,자연
2905,526,기초교양,수학1,가좌캠퍼스,3.0,"월5[024-0173],수6,7[024-0173]",월5[024-0173],"수6,7[024-0173]",,자연
2906,527,기초교양,수학1,가좌캠퍼스,3.0,"월5[024-0275],수6,7[024-0275]",월5[024-0275],"수6,7[024-0275]",,자연
2907,528,기초교양,수학1,가좌캠퍼스,3.0,"수5[024-0156],금6,7[024-0156]",수5[024-0156],"금6,7[024-0156]",,자연
2908,529,기초교양,수학1,가좌캠퍼스,3.0,"수5[024-0158],금6,7[024-0158]",수5[024-0158],"금6,7[024-0158]",,자연
2909,530,기초교양,수학1,가좌캠퍼스,3.0,"화3[024-0156],금1,2[024-0156]",화3[024-0156],"금1,2[024-0156]",,자연
2910,531,기초교양,수학1,가좌캠퍼스,3.0,"월6,7[024-0271],목5[024-0271]","월6,7[024-0271]",목5[024-0271],,자연
2911,532,기초교양,수학1,가좌캠퍼스,3.0,"화3[024-0227],금1,2[024-0227]",화3[024-0227],"금1,2[024-0227]",,자연
2912,533,기초교양,수학1,가좌캠퍼스,3.0,"월1,2[024-0171],수3[024-0171]","월1,2[024-0171]",수3[024-0171],,자연
2913,534,기초교양,수학1,가좌캠퍼스,3.0,"월5[024-0260],수6,7[024-0260]",월5[024-0260],"수6,7[024-0260]",,자연
2914,535,기초교양,수학1,가좌캠퍼스,3.0,"월1,2[024-0260],수3[024-0260]","월1,2[024-0260]",수3[024-0260],,자연
2915,536,기초교양,수학1,가좌캠퍼스,3.0,"월8,9[024-0273],목8[024-0273]","월8,9[024-0273]",목8[024-0273],,자연
2916,537,기초교양,수학1,가좌캠퍼스,3.0,"월8,9[024-0271],목8[024-0271]","월8,9[024-0271]",목8[024-0271],,자연
2917,538,기초교양,수학1,가좌캠퍼스,3.0,"월4[024-0273],수6,7[024-0273]",월4[024-0273],"수6,7[024-0273]",,자연
2918,539,기초교양,수학1,가좌캠퍼스,3.0,"월5[024-0171],수6,7[024-0171]",월5[024-0171],"수6,7[024-0171]",,자연
2919,540,기초교양,수학1,가좌캠퍼스,3.0,"월5[459-0310],수6,7[459-0310]",월5[459-0310],"수6,7[459-0310]",,자연
2920,541,기초교양,수학1,가좌캠퍼스,3.0,"화1,2[024-0271],목3[024-0271]","화1,2[024-0271]",목3[024-0271],,자연
2922,543,기초교양,수학1,가좌캠퍼스,3.0,"금1,2,3[601-0220]","금1,2,3[601-0220]",,,자연
2925,546,기초교양,수학1,가좌캠퍼스,3.0,"화3[024-0271],금1,2[024-0271]",화3[024-0271],"금1,2[024-0271]",,자연
2926,547,기초교양,수학1,가좌캠퍼스,3.0,"화5[354-0120],목6,7[354-0120]",화5[354-0120],"목6,7[354-0120]",,자연
2927,548,기초교양,수학2,가좌캠퍼스,3.0,"화1,2[024-0225],금3[024-0225]","화1,2[024-0225]",금3[024-0225],,자연
2928,549,기초교양,일반화학,가좌캠퍼스,3.0,"월3[352-0111],목1,2[352-0111]",월3[352-0111],"목1,2[352-0111]",,자연
2929,550,기초교양,일반화학,가좌캠퍼스,3.0,"화3[459-0310],금1,2[459-0310]",화3[459-0310],"금1,2[459-0310]",,자연
2930,551,기초교양,일반화학,가좌캠퍼스,3.0,"월5[459-0101],수6,7[459-0101]",월5[459-0101],"수6,7[459-0101]",,자연
2931,552,기초교양,일반화학,가좌캠퍼스,3.0,"화1,2[459-0101],목3[459-0101]","화1,2[459-0101]",목3[459-0101],,자연
2932,553,기초교양,일반화학,가좌캠퍼스,3.0,"월1,2[024-0230],수3[024-0230]","월1,2[024-0230]",수3[024-0230],,자연
2933,554,기초교양,일반화학,가좌캠퍼스,3.0,"금1,2,3[405-0105]","금1,2,3[405-0105]",,,자연
2934,555,기초교양,일반화학,가좌캠퍼스,3.0,"금5,6,7[405-0105]","금5,6,7[405-0105]",,,자연
2935,556,기초교양,일반화학,가좌캠퍼스,3.0,"수4[024-0256],금4,5[024-0256]",수4[024-0256],"금4,5[024-0256]",,자연
2936,557,기초교양,일반화학,가좌캠퍼스,3.0,"수5[024-0256],금6,7[024-0256]",수5[024-0256],"금6,7[024-0256]",,자연
2937,558,기초교양,지구과학,가좌캠퍼스,3.0,"월6,7[354-0504],목5[354-0504]","월6,7[354-0504]",목5[354-0504],,자연
2938,559,기초교양,지구과학,가좌캠퍼스,3.0,"월8,9[354-0504],목8[354-0504]","월8,9[354-0504]",목8[354-0504],,자연
2939,560,기초교양,지구과학실험,가좌캠퍼스,1.0,"화6,7[354-0222]","화6,7[354-0222]",,,자연
2940,561,기초교양,지구과학실험,가좌캠퍼스,1.0,"화8,9[354-0222]","화8,9[354-0222]",,,자연
2941,562,기초교양,컴퓨터프로그래밍,가좌캠퍼스,3.0,"월3[102-0204],목1,2[102-0204]",월3[102-0204],"목1,2[102-0204]",,자연
2942,563,기초교양,컴퓨터프로그래밍,가좌캠퍼스,3.0,"화3[451-0210],금1,2[451-0210]",화3[451-0210],"금1,2[451-0210]",,자연
2943,564,기초교양,컴퓨터프로그래밍,가좌캠퍼스,3.0,"월5[451-0210],수6,7[451-0210]",월5[451-0210],"수6,7[451-0210]",,자연
2944,565,기초교양,컴퓨터프로그래밍,가좌캠퍼스,3.0,"월6,7[451-0210],목5[451-0210]","월6,7[451-0210]",목5[451-0210],,자연
2945,566,기초교양,컴퓨터프로그래밍,가좌캠퍼스,3.0,"월1,2[451-0210],수3[451-0210]","월1,2[451-0210]",수3[451-0210],,자연
2946,567,기초교양,화학1,가좌캠퍼스,3.0,"화5[352-0428],목6,7[352-0428]",화5[352-0428],"목6,7[352-0428]",,자연
2947,568,기초교양,화학1,가좌캠퍼스,3.0,"월5[352-0111],수6,7[352-0111]",월5[352-0111],"수6,7[352-0111]",,자연
2948,569,기초교양,화학1,가좌캠퍼스,3.0,"월5[024-0241],수6,7[024-0241]",월5[024-0241],"수6,7[024-0241]",,자연
2949,570,기초교양,화학1,가좌캠퍼스,3.0,"화5[024-0256],목6,7[024-0256]",화5[024-0256],"목6,7[024-0256]",,자연
2950,571,기초교양,화학1,가좌캠퍼스,3.0,"수5[024-0273],금6,7[024-0273]",수5[024-0273],"금6,7[024-0273]",,자연
2951,572,기초교양,화학1,가좌캠퍼스,3.0,"화5[024-0275],목6,7[024-0275]",화5[024-0275],"목6,7[024-0275]",,자연
2952,573,기초교양,화학1,가좌캠퍼스,3.0,"수4[459-0310],금4,5[459-0310]",수4[459-0310],"금4,5[459-0310]",,자연
2953,574,기초교양,화학1,가좌캠퍼스,3.0,"화1,2[459-0310],목3[459-0310]","화1,2[459-0310]",목3[459-0310],,자연
2954,575,기초교양,화학1,가좌캠퍼스,3.0,"월8,9[501-B102],목8[501-B102]","월8,9[501-B102]",목8[501-B102],,자연
2955,576,기초교양,화학1,가좌캠퍼스,3.0,"월3[024-0227],목1,2[024-0227]",월3[024-0227],"목1,2[024-0227]",,자연
2957,578,기초교양,화학실험1,가좌캠퍼스,1.0,"월1,2[352-0343]","월1,2[352-0343]",,,자연
2958,579,기초교양,화학실험1,가좌캠퍼스,1.0,"월3,4[352-0343]","월3,4[352-0343]",,,자연
2959,580,기초교양,화학실험1,가좌캠퍼스,1.0,"금1,2[352-0343]","금1,2[352-0343]",,,자연
2960,581,기초교양,화학실험1,가좌캠퍼스,1.0,"금1,2[352-0436]","금1,2[352-0436]",,,자연
2961,582,기초교양,화학실험1,가좌캠퍼스,1.0,"금6,7[352-0343]","금6,7[352-0343]",,,자연
2962,583,기초교양,화학실험1,가좌캠퍼스,1.0,"월1,2[352-0436]","월1,2[352-0436]",,,자연
2963,584,기초교양,화학실험1,가좌캠퍼스,1.0,"목3,4[352-0436]","목3,4[352-0436]",,,자연
2964,585,기초교양,화학실험1,가좌캠퍼스,1.0,"화8,9[352-0436]","화8,9[352-0436]",,,자연
2965,586,기초교양,화학실험1,가좌캠퍼스,1.0,"목1,2[352-0343]","목1,2[352-0343]",,,자연
2966,587,기초교양,화학실험1,가좌캠퍼스,1.0,"목3,4[352-0343]","목3,4[352-0343]",,,자연
2967,588,기초교양,화학실험1,가좌캠퍼스,1.0,"월6,7[352-0343]","월6,7[352-0343]",,,자연
2968,589,기초교양,화학실험1,가좌캠퍼스,1.0,"수1,2[352-0343]","수1,2[352-0343]",,,자연
2969,590,기초교양,화학실험1,가좌캠퍼스,1.0,"수3,4[352-0436]","수3,4[352-0436]",,,자연
2970,591,기초교양,화학실험1,가좌캠퍼스,1.0,"수3,4[352-0343]","수3,4[352-0343]",,,자연
2971,592,기초교양,화학실험1,가좌캠퍼스,1.0,"수1,2[352-0436]","수1,2[352-0436]",,,자연
2972,593,기초교양,화학실험1,가좌캠퍼스,1.0,"목8,9[352-0343]","목8,9[352-0343]",,,자연
2973,594,기초교양,화학실험1,가좌캠퍼스,1.0,"금3,4[352-0343]","금3,4[352-0343]",,,자연
2974,595,기초교양,화학실험1,가좌캠퍼스,1.0,"금6,7[352-0436]","금6,7[352-0436]",,,자연
2975,596,기초교양,화학실험1,가좌캠퍼스,1.0,"수6,7[352-0436]","수6,7[352-0436]",,,자연
2976,597,기초교양,화학실험1,가좌캠퍼스,1.0,"목6,7[352-0436]","목6,7[352-0436]",,,자연
2977,598,기초교양,화학실험1,가좌캠퍼스,1.0,"목8,9[352-0436]","목8,9[352-0436]",,,자연
2978,599,기초교양,화학실험1,가좌캠퍼스,1.0,"월8,9[352-0343]","월8,9[352-0343]",,,자연
2979,600,기초교양,화학실험1,가좌캠퍼스,1.0,"월8,9[352-0436]","월8,9[352-0436]",,,자연
2980,601,기초교양,화학실험1,가좌캠퍼스,1.0,"월6,7[352-0436]","월6,7[352-0436]",,,자연
2981,602,기초교양,화학실험1,가좌캠퍼스,1.0,"목6,7[352-0343]","목6,7[352-0343]",,,자연
2982,603,기초교양,화학실험1,가좌캠퍼스,1.0,"화3,4[352-0343]","화3,4[352-0343]",,,자연
2983,604,기초교양,화학실험1,가좌캠퍼스,1.0,"화3,4[352-0436]","화3,4[352-0436]",,,자연
2984,605,기초교양,화학실험1,가좌캠퍼스,1.0,"화1,2[352-0343]","화1,2[352-0343]",,,자연
2985,606,기초교양,화학실험1,가좌캠퍼스,1.0,"화1,2[352-0436]","화1,2[352-0436]",,,자연
2986,607,기초교양,화학실험1,가좌캠퍼스,1.0,"화8,9[352-0343]","화8,9[352-0343]",,,자연
2987,608,기초교양,화학실험1,가좌캠퍼스,1.0,"화6,7[352-0436]","화6,7[352-0436]",,,자연
2989,610,기초교양,기본물리학,가좌캠퍼스,2.0,"수1,2[024-0125]","수1,2[024-0125]",,,자연
2990,611,기초교양,기본물리학,가좌캠퍼스,2.0,"목8,9[024-0175]","목8,9[024-0175]",,,자연
2993,614,기초교양,기본수학,가좌캠퍼스,2.0,"월1,2[024-0156]","월1,2[024-0156]",,,자연
2994,615,기초교양,기본수학,가좌캠퍼스,2.0,"목8,9[024-0156]","목8,9[024-0156]",,,자연
2997,618,기초교양,기본화학,가좌캠퍼스,2.0,"화8,9[024-0158]","화8,9[024-0158]",,,자연
2998,619,기초교양,기본화학,가좌캠퍼스,2.0,"금1,2[024-0158]","금1,2[024-0158]",,,자연
3000,621,기초교양,컴퓨터프로그래밍실습,가좌캠퍼스,1.0,월4[102-0204],월4[102-0204],,,자연
3001,622,기초교양,컴퓨터프로그래밍실습,가좌캠퍼스,1.0,화4[451-0210],화4[451-0210],,,자연
3002,623,기초교양,컴퓨터프로그래밍실습,가좌캠퍼스,1.0,월4[451-0210],월4[451-0210],,,자연
3003,624,기초교양,컴퓨터프로그래밍실습,가좌캠퍼스,1.0,목6[451-0210],목6[451-0210],,,자연
3004,625,기초교양,컴퓨터프로그래밍실습,가좌캠퍼스,1.0,수4[451-0210],수4[451-0210],,,자연
3005,626,기초교양,공학프로그래밍언어,가좌캠퍼스,3.0,"목1,2,3[404-0209]","목1,2,3[404-0209]",,,자연
3006,627,기초교양,공학프로그래밍언어,가좌캠퍼스,3.0,"월5[405-0209],수6,7[405-0209]",월5[405-0209],"수6,7[405-0209]",,자연
3007,628,기초교양,공학프로그래밍언어,가좌캠퍼스,3.0,"금5,6,7[404-0209]","금5,6,7[404-0209]",,,자연
3008,629,기초교양,공학프로그래밍언어,가좌캠퍼스,3.0,"금1,2,3[405-0413]","금1,2,3[405-0413]",,,자연
3009,630,기초교양,공학프로그래밍언어,가좌캠퍼스,3.0,"월5,6,7[405-0413]","월5,6,7[405-0413]",,,자연
3012,633,기초교양,공학프로그래밍언어,가좌캠퍼스,3.0,"월5[404-0209],수6,7[404-0209]",월5[404-0209],"수6,7[404-0209]",,자연
3013,634,기초교양,공학프로그래밍언어,가좌캠퍼스,3.0,"화1,2,3[407-0414]","화1,2,3[407-0414]",,,자연
3014,635,기초교양,기초통계학,가좌캠퍼스,3.0,"화1,2[352-0111],목3[352-0111]","화1,2[352-0111]",목3[352-0111],,자연
3015,636,기초교양,기초통계학,가좌캠퍼스,3.0,"화1,2[354-0504],목3[354-0504]","화1,2[354-0504]",목3[354-0504],,자연
3016,637,기초교양,기초통계학,가좌캠퍼스,3.0,"화5[456-0302],목6,7[456-0302]",화5[456-0302],"목6,7[456-0302]",,자연
3017,638,기초교양,기초통계학,가좌캠퍼스,3.0,"수1,2[459-0310],금3[459-0310]","수1,2[459-0310]",금3[459-0310],,자연
3019,640,기초교양,기초통계학,가좌캠퍼스,3.0,"화1,2[354-0325],목3[354-0325]","화1,2[354-0325]",목3[354-0325],,자연
3020,641,기초교양,기초통계학실습,가좌캠퍼스,1.0,화3[302-0104],화3[302-0104],,,자연
3021,642,기초교양,기초통계학실습,가좌캠퍼스,1.0,목4[302-0104],목4[302-0104],,,자연
3022,643,기초교양,기초통계학실습,가좌캠퍼스,1.0,화4[302-0104],화4[302-0104],,,자연
3023,644,기초교양,기초통계학실습,가좌캠퍼스,1.0,목3[302-0104],목3[302-0104],,,자연
3024,645,기초교양,기초통계학실습,가좌캠퍼스,1.0,목8[302-0104],목8[302-0104],,,자연
3025,646,기초교양,기초통계학실습,가좌캠퍼스,1.0,수8[029-0102],수8[029-0102],,,자연
3026,647,기초교양,기초통계학실습,가좌캠퍼스,1.0,수9[029-0102],수9[029-0102],,,자연
3027,648,기초교양,기초통계학실습,가좌캠퍼스,1.0,화8[302-0104],화8[302-0104],,,자연
3029,650,기초교양,기초통계학실습,가좌캠퍼스,1.0,화9[302-0104],화9[302-0104],,,자연
3030,652,핵심교양,English/Zone영어,가좌캠퍼스,4.0,"월11,12[069-0501],화11,12[069-0501],수11,12[069-0501],목11,12[069-0501]","월11,12[069-0501]","화11,12[069-0501],수11,12[069-0501],목11,12[069-0501]",,영어
3031,653,핵심교양,영어읽기와토론,가좌캠퍼스,2.0,"월6,7[303-0312]","월6,7[303-0312]",,,영어
3032,654,핵심교양,영어읽기와토론,가좌캠퍼스,2.0,"월3,4[303-0312]","월3,4[303-0312]",,,영어
3033,655,핵심교양,영어읽기와토론,가좌캠퍼스,2.0,"화1,2[303-0311]","화1,2[303-0311]",,,영어
3034,656,핵심교양,영어읽기와토론,가좌캠퍼스,2.0,"화8,9[303-0312]","화8,9[303-0312]",,,영어
3035,657,핵심교양,영어읽기와토론,가좌캠퍼스,2.0,"수1,2[303-0312]","수1,2[303-0312]",,,영어
3036,658,핵심교양,영어읽기와토론,가좌캠퍼스,2.0,"수3,4[303-0312]","수3,4[303-0312]",,,영어
3037,659,핵심교양,영어읽기와토론,가좌캠퍼스,2.0,"수6,7[303-0312]","수6,7[303-0312]",,,영어
3038,660,핵심교양,영어읽기와토론,가좌캠퍼스,2.0,"목1,2[303-0312]","목1,2[303-0312]",,,영어
3039,661,핵심교양,영어읽기와토론,가좌캠퍼스,2.0,"화3,4[303-0312]","화3,4[303-0312]",,,영어
3040,662,핵심교양,영어읽기와토론,가좌캠퍼스,2.0,"목6,7[303-0312]","목6,7[303-0312]",,,영어
3041,663,핵심교양,영어읽기와토론,가좌캠퍼스,2.0,"목8,9[303-0312]","목8,9[303-0312]",,,영어
3042,664,핵심교양,영어읽기와토론,가좌캠퍼스,2.0,"금1,2[303-0312]","금1,2[303-0312]",,,영어
3043,665,핵심교양,영어읽기와토론,가좌캠퍼스,2.0,"목1,2[303-0311]","목1,2[303-0311]",,,영어
3044,666,핵심교양,영어읽기와토론,가좌캠퍼스,2.0,"목3,4[303-0311]","목3,4[303-0311]",,,영어
3045,667,핵심교양,영어읽기와토론,가좌캠퍼스,2.0,"금3,4[303-0312]","금3,4[303-0312]",,,영어
3048,670,핵심교양,영어읽기와토론,가좌캠퍼스,2.0,"화6,7[303-0312]","화6,7[303-0312]",,,영어
3050,672,핵심교양,글로벌비지니스영어,가좌캠퍼스,2.0,"월1,2[029-0406]","월1,2[029-0406]",,,영어
3051,673,핵심교양,글로벌비지니스영어,가좌캠퍼스,2.0,"화1,2[029-0406]","화1,2[029-0406]",,,영어
3052,674,핵심교양,글로벌비지니스영어,가좌캠퍼스,2.0,"월3,4[029-0406]","월3,4[029-0406]",,,영어
3053,675,핵심교양,글로벌비지니스영어,가좌캠퍼스,2.0,"목1,2[029-0406]","목1,2[029-0406]",,,영어
3054,676,핵심교양,글로벌비지니스영어,가좌캠퍼스,2.0,"화6,7[029-0406]","화6,7[029-0406]",,,영어
3055,677,핵심교양,글로벌비지니스영어,가좌캠퍼스,2.0,"목6,7[029-0406]","목6,7[029-0406]",,,영어
3056,678,핵심교양,글로벌비지니스영어,가좌캠퍼스,2.0,"월8,9[029-0406]","월8,9[029-0406]",,,영어
3057,679,핵심교양,글로벌비지니스영어,가좌캠퍼스,2.0,"화8,9[029-0406]","화8,9[029-0406]",,,영어
3065,687,핵심교양,미디어영어읽기와쓰기,가좌캠퍼스,2.0,"월1,2[029-0301]","월1,2[029-0301]",,,영어
3066,688,핵심교양,미디어영어읽기와쓰기,가좌캠퍼스,2.0,"월1,2[029-0303]","월1,2[029-0303]",,,영어
3067,689,핵심교양,미디어영어읽기와쓰기,가좌캠퍼스,2.0,"월1,2[029-0304]","월1,2[029-0304]",,,영어
3068,690,핵심교양,미디어영어읽기와쓰기,가좌캠퍼스,2.0,"수1,2[029-0306]","수1,2[029-0306]",,,영어
3069,691,핵심교양,미디어영어읽기와쓰기,가좌캠퍼스,2.0,"화1,2[029-0301]","화1,2[029-0301]",,,영어
3070,692,핵심교양,미디어영어읽기와쓰기,가좌캠퍼스,2.0,"화1,2[029-0303]","화1,2[029-0303]",,,영어
3071,693,핵심교양,미디어영어읽기와쓰기,가좌캠퍼스,2.0,"화1,2[029-0304]","화1,2[029-0304]",,,영어
3072,694,핵심교양,미디어영어읽기와쓰기,가좌캠퍼스,2.0,"수1,2[029-0303]","수1,2[029-0303]",,,영어
3073,695,핵심교양,미디어영어읽기와쓰기,가좌캠퍼스,2.0,"수1,2[029-0304]","수1,2[029-0304]",,,영어
3074,696,핵심교양,미디어영어읽기와쓰기,가좌캠퍼스,2.0,"목1,2[029-0301]","목1,2[029-0301]",,,영어
3075,697,핵심교양,미디어영어읽기와쓰기,가좌캠퍼스,2.0,"목1,2[029-0303]","목1,2[029-0303]",,,영어
3076,698,핵심교양,미디어영어읽기와쓰기,가좌캠퍼스,2.0,"월6,7[029-0306]","월6,7[029-0306]",,,영어
3077,699,핵심교양,미디어영어읽기와쓰기,가좌캠퍼스,2.0,"화1,2[029-0306]","화1,2[029-0306]",,,영어
3078,700,핵심교양,미디어영어읽기와쓰기,가좌캠퍼스,2.0,"수3,4[029-0304]","수3,4[029-0304]",,,영어
3079,701,핵심교양,미디어영어읽기와쓰기,가좌캠퍼스,2.0,"목1,2[029-0304]","목1,2[029-0304]",,,영어
3080,702,핵심교양,미디어영어읽기와쓰기,가좌캠퍼스,2.0,"월6,7[029-0301]","월6,7[029-0301]",,,영어
3081,703,핵심교양,미디어영어읽기와쓰기,가좌캠퍼스,2.0,"수6,7[029-0306]","수6,7[029-0306]",,,영어
3082,704,핵심교양,미디어영어읽기와쓰기,가좌캠퍼스,2.0,"목8,9[029-0406]","목8,9[029-0406]",,,영어
3083,705,핵심교양,미디어영어읽기와쓰기,가좌캠퍼스,2.0,"목3,4[029-0301]","목3,4[029-0301]",,,영어
3084,706,핵심교양,미디어영어읽기와쓰기,가좌캠퍼스,2.0,"월1,2[029-0306]","월1,2[029-0306]",,,영어
3085,707,핵심교양,미디어영어읽기와쓰기,가좌캠퍼스,2.0,"월8,9[029-0306]","월8,9[029-0306]",,,영어
3086,708,핵심교양,미디어영어읽기와쓰기,가좌캠퍼스,2.0,"화8,9[029-0306]","화8,9[029-0306]",,,영어
3087,709,핵심교양,미디어영어읽기와쓰기,가좌캠퍼스,2.0,"목6,7[029-0301]","목6,7[029-0301]",,,영어
3088,710,핵심교양,미디어영어읽기와쓰기,가좌캠퍼스,2.0,"월6,7[029-0406]","월6,7[029-0406]",,,영어
3099,721,핵심교양,글로벌영어,가좌캠퍼스,2.0,"월6,7[102-0101]","월6,7[102-0101]",,,영어
3100,722,핵심교양,글로벌영어,가좌캠퍼스,2.0,"월6,7[024-0171]","월6,7[024-0171]",,,영어
3101,723,핵심교양,글로벌영어,가좌캠퍼스,2.0,"금1,2[024-0225]","금1,2[024-0225]",,,영어
3102,724,핵심교양,글로벌영어,가좌캠퍼스,2.0,"화1,2[024-0125]","화1,2[024-0125]",,,영어
3103,725,핵심교양,글로벌영어,가좌캠퍼스,2.0,"화3,4[024-0173]","화3,4[024-0173]",,,영어
3104,726,핵심교양,글로벌영어,가좌캠퍼스,2.0,"화8,9[024-0175]","화8,9[024-0175]",,,영어
3105,727,핵심교양,글로벌영어,가좌캠퍼스,2.0,"화6,7[024-0258]","화6,7[024-0258]",,,영어
3106,728,핵심교양,글로벌영어,가좌캠퍼스,2.0,"수1,2[024-0230]","수1,2[024-0230]",,,영어
3107,729,핵심교양,글로벌영어,가좌캠퍼스,2.0,"수1,2[024-0245]","수1,2[024-0245]",,,영어
3108,730,핵심교양,글로벌영어,가좌캠퍼스,2.0,"목8,9[024-0125]","목8,9[024-0125]",,,영어
3109,731,핵심교양,글로벌영어,가좌캠퍼스,2.0,"목1,2[024-0130]","목1,2[024-0130]",,,영어
3110,732,핵심교양,글로벌영어,가좌캠퍼스,2.0,"목6,7[024-0171]","목6,7[024-0171]",,,영어
3111,733,핵심교양,글로벌영어,가좌캠퍼스,2.0,"금3,4[024-0125]","금3,4[024-0125]",,,영어
3112,734,핵심교양,글로벌영어,가좌캠퍼스,2.0,"금3,4[024-0143]","금3,4[024-0143]",,,영어
3113,735,핵심교양,글로벌영어,가좌캠퍼스,2.0,"금6,7[024-0143]","금6,7[024-0143]",,,영어
3114,736,핵심교양,글로벌영어,가좌캠퍼스,2.0,"월8,9[024-0141]","월8,9[024-0141]",,,영어
3115,737,핵심교양,글로벌영어,가좌캠퍼스,2.0,"월8,9[024-0258]","월8,9[024-0258]",,,영어
3116,738,핵심교양,글로벌영어,가좌캠퍼스,2.0,"목6,7[024-0225]","목6,7[024-0225]",,,영어
3121,743,핵심교양,멀티미디어영어스피킹,가좌캠퍼스,2.0,"화6,7[029-0301]","화6,7[029-0301]",,,영어
3122,744,핵심교양,멀티미디어영어스피킹,가좌캠퍼스,2.0,"화6,7[029-0303]","화6,7[029-0303]",,,영어
3123,745,핵심교양,멀티미디어영어스피킹,가좌캠퍼스,2.0,"월8,9[029-0304]","월8,9[029-0304]",,,영어
3124,746,핵심교양,멀티미디어영어스피킹,가좌캠퍼스,2.0,"화8,9[029-0301]","화8,9[029-0301]",,,영어
3125,747,핵심교양,멀티미디어영어스피킹,가좌캠퍼스,2.0,"수6,7[029-0301]","수6,7[029-0301]",,,영어
3126,748,핵심교양,멀티미디어영어스피킹,가좌캠퍼스,2.0,"화8,9[029-0303]","화8,9[029-0303]",,,영어
3127,749,핵심교양,멀티미디어영어스피킹,가좌캠퍼스,2.0,"화8,9[029-0304]","화8,9[029-0304]",,,영어
3128,750,핵심교양,멀티미디어영어스피킹,가좌캠퍼스,2.0,"목8,9[029-0301]","목8,9[029-0301]",,,영어
3129,751,핵심교양,멀티미디어영어스피킹,가좌캠퍼스,2.0,"목8,9[029-0304]","목8,9[029-0304]",,,영어
3130,752,핵심교양,멀티미디어영어스피킹,가좌캠퍼스,2.0,"수6,7[029-0303]","수6,7[029-0303]",,,영어
3131,753,핵심교양,멀티미디어영어스피킹,가좌캠퍼스,2.0,"수6,7[029-0304]","수6,7[029-0304]",,,영어
3132,754,핵심교양,멀티미디어영어스피킹,가좌캠퍼스,2.0,"화6,7[029-0306]","화6,7[029-0306]",,,영어
3133,755,핵심교양,멀티미디어영어스피킹,가좌캠퍼스,2.0,"수3,4[029-0301]","수3,4[029-0301]",,,영어
3134,756,핵심교양,멀티미디어영어스피킹,가좌캠퍼스,2.0,"수3,4[029-0303]","수3,4[029-0303]",,,영어
3135,757,핵심교양,멀티미디어영어스피킹,가좌캠퍼스,2.0,"화6,7[029-0304]","화6,7[029-0304]",,,영어
3136,758,핵심교양,멀티미디어영어스피킹,가좌캠퍼스,2.0,"목8,9[029-0303]","목8,9[029-0303]",,,영어
3141,763,핵심교양,문제해결글쓰기,가좌캠퍼스,2.0,"금6,7[101-0352]","금6,7[101-0352]",,,글쓰기
3142,764,핵심교양,문제해결글쓰기,가좌캠퍼스,2.0,"화6,7[101-0229]","화6,7[101-0229]",,,글쓰기
3143,765,핵심교양,문제해결글쓰기,가좌캠퍼스,2.0,"화3,4[101-0447]","화3,4[101-0447]",,,글쓰기
3144,766,핵심교양,문제해결글쓰기,가좌캠퍼스,2.0,"월3,4[101-0245]","월3,4[101-0245]",,,글쓰기
3145,767,핵심교양,문제해결글쓰기,가좌캠퍼스,2.0,"금6,7[101-0233]","금6,7[101-0233]",,,글쓰기
3146,768,핵심교양,문제해결글쓰기,가좌캠퍼스,2.0,"금6,7[101-0348]","금6,7[101-0348]",,,글쓰기
3147,769,핵심교양,문제해결글쓰기,가좌캠퍼스,2.0,"수1,2[101-0451]","수1,2[101-0451]",,,글쓰기
3148,770,핵심교양,문제해결글쓰기,가좌캠퍼스,2.0,"화6,7[102-0404]","화6,7[102-0404]",,,글쓰기
3149,771,핵심교양,문제해결글쓰기,가좌캠퍼스,2.0,"금8,9[201-0101]","금8,9[201-0101]",,,글쓰기
3150,772,핵심교양,문제해결글쓰기,가좌캠퍼스,2.0,"금8,9[201-0104]","금8,9[201-0104]",,,글쓰기
3151,773,핵심교양,문제해결글쓰기,가좌캠퍼스,2.0,"금8,9[201-0203]","금8,9[201-0203]",,,글쓰기
3152,774,핵심교양,문제해결글쓰기,가좌캠퍼스,2.0,"금6,7[201-0204]","금6,7[201-0204]",,,글쓰기
3153,775,핵심교양,문제해결글쓰기,가좌캠퍼스,2.0,"월8,9[452-0138]","월8,9[452-0138]",,,글쓰기
3154,776,핵심교양,문제해결글쓰기,가좌캠퍼스,2.0,"월8,9[459-0305]","월8,9[459-0305]",,,글쓰기
3155,777,핵심교양,문제해결글쓰기,가좌캠퍼스,2.0,"월8,9[459-0310]","월8,9[459-0310]",,,글쓰기
3156,778,핵심교양,문제해결글쓰기,가좌캠퍼스,2.0,"화8,9[459-0310]","화8,9[459-0310]",,,글쓰기
3157,779,핵심교양,문제해결글쓰기,가좌캠퍼스,2.0,"월3,4[458-0105]","월3,4[458-0105]",,,글쓰기
3158,780,핵심교양,문제해결글쓰기,가좌캠퍼스,2.0,"수1,2[251-0414]","수1,2[251-0414]",,,글쓰기
3159,781,핵심교양,문제해결글쓰기,가좌캠퍼스,2.0,"수3,4[251-0414]","수3,4[251-0414]",,,글쓰기
3160,782,핵심교양,문제해결글쓰기,가좌캠퍼스,2.0,"금1,2[303-0311]","금1,2[303-0311]",,,글쓰기
3161,783,핵심교양,문제해결글쓰기,가좌캠퍼스,2.0,"월6,7[303-0417]","월6,7[303-0417]",,,글쓰기
3162,784,핵심교양,문제해결글쓰기,가좌캠퍼스,2.0,"수1,2[303-0311]","수1,2[303-0311]",,,글쓰기
3163,785,핵심교양,문제해결글쓰기,가좌캠퍼스,2.0,"목1,2[303-0310]","목1,2[303-0310]",,,글쓰기
3164,786,핵심교양,문제해결글쓰기,가좌캠퍼스,2.0,"금1,2[303-0310]","금1,2[303-0310]",,,글쓰기
3165,787,핵심교양,문제해결글쓰기,가좌캠퍼스,2.0,"월3,4[303-0311]","월3,4[303-0311]",,,글쓰기
3166,788,핵심교양,문제해결글쓰기,가좌캠퍼스,2.0,"화3,4[303-0311]","화3,4[303-0311]",,,글쓰기
3169,791,핵심교양,문제해결글쓰기,가좌캠퍼스,2.0,"월3,4[303-0717]","월3,4[303-0717]",,,글쓰기
3170,792,핵심교양,문제해결글쓰기,가좌캠퍼스,2.0,"화3,4[303-0310]","화3,4[303-0310]",,,글쓰기
3173,795,핵심교양,보고서와논문쓰기,가좌캠퍼스,2.0,"목8,9[352-0106]","목8,9[352-0106]",,,글쓰기
3174,796,핵심교양,보고서와논문쓰기,가좌캠퍼스,2.0,"화8,9[352-0106]","화8,9[352-0106]",,,글쓰기
3175,797,핵심교양,보고서와논문쓰기,가좌캠퍼스,2.0,"월8,9[352-0106]","월8,9[352-0106]",,,글쓰기
3176,798,핵심교양,보고서와논문쓰기,가좌캠퍼스,2.0,"월8,9[352-0211]","월8,9[352-0211]",,,글쓰기
3177,799,핵심교양,보고서와논문쓰기,가좌캠퍼스,2.0,"수1,2[354-0222]","수1,2[354-0222]",,,글쓰기
3178,800,핵심교양,보고서와논문쓰기,가좌캠퍼스,2.0,"금6,7[459-0310]","금6,7[459-0310]",,,글쓰기
3179,801,핵심교양,보고서와논문쓰기,가좌캠퍼스,2.0,"월8,9[459-0306]","월8,9[459-0306]",,,글쓰기
3180,802,핵심교양,보고서와논문쓰기,가좌캠퍼스,2.0,"월6,7[459-0310]","월6,7[459-0310]",,,글쓰기
3181,803,핵심교양,보고서와논문쓰기,가좌캠퍼스,2.0,"월6,7[459-0102]","월6,7[459-0102]",,,글쓰기
3182,804,핵심교양,보고서와논문쓰기,가좌캠퍼스,2.0,"월8,9[459-0102]","월8,9[459-0102]",,,글쓰기
3183,805,핵심교양,보고서와논문쓰기,가좌캠퍼스,2.0,"월1,2[459-0310]","월1,2[459-0310]",,,글쓰기
3184,806,핵심교양,보고서와논문쓰기,가좌캠퍼스,2.0,"월1,2[459-0102]","월1,2[459-0102]",,,글쓰기
3185,807,핵심교양,보고서와논문쓰기,가좌캠퍼스,2.0,"금1,2[456-0209]","금1,2[456-0209]",,,글쓰기
3190,812,핵심교양,보고서와논문쓰기,가좌캠퍼스,2.0,"화8,9[352-0107]","화8,9[352-0107]",,,글쓰기
3191,813,핵심교양,보고서와논문쓰기,가좌캠퍼스,2.0,"월1,2[303-0311]","월1,2[303-0311]",,,글쓰기
3192,814,핵심교양,보고서와논문쓰기,가좌캠퍼스,2.0,"화6,7[303-0311]","화6,7[303-0311]",,,글쓰기
3195,817,핵심교양,실용문쓰기,가좌캠퍼스,2.0,"화3,4[303-0417]","화3,4[303-0417]",,,글쓰기
3196,818,핵심교양,실용문쓰기,가좌캠퍼스,2.0,"화8,9[303-0310]","화8,9[303-0310]",,,글쓰기
3197,819,핵심교양,실용문쓰기,가좌캠퍼스,2.0,"금6,7[353-0102]","금6,7[353-0102]",,,글쓰기
3198,820,핵심교양,실용문쓰기,가좌캠퍼스,2.0,"목3,4[456-0325]","목3,4[456-0325]",,,글쓰기
3199,821,핵심교양,실용문쓰기,가좌캠퍼스,2.0,"금8,9[353-0116]","금8,9[353-0116]",,,글쓰기
3205,827,핵심교양,실용문쓰기,가좌캠퍼스,2.0,"금6,7[303-0311]","금6,7[303-0311]",,,글쓰기
3206,828,핵심교양,실용문쓰기,가좌캠퍼스,2.0,"목8,9[303-0311]","목8,9[303-0311]",,,글쓰기
3207,829,핵심교양,실용문쓰기,가좌캠퍼스,2.0,"금8,9[303-0311]","금8,9[303-0311]",,,글쓰기
3208,830,핵심교양,실용문쓰기,가좌캠퍼스,2.0,"금6,7[303-0312]","금6,7[303-0312]",,,글쓰기
3210,832,핵심교양,프레젠테이션글쓰기,가좌캠퍼스,2.0,"화8,9[101-0237]","화8,9[101-0237]",,,글쓰기
3211,833,핵심교양,프레젠테이션글쓰기,가좌캠퍼스,2.0,"수1,2[102-0217]","수1,2[102-0217]",,,글쓰기
3212,834,핵심교양,프레젠테이션글쓰기,가좌캠퍼스,2.0,"수3,4[303-0311]","수3,4[303-0311]",,,글쓰기
3213,835,핵심교양,프레젠테이션글쓰기,가좌캠퍼스,2.0,"금1,2[354-0409]","금1,2[354-0409]",,,글쓰기
3214,836,핵심교양,프레젠테이션글쓰기,가좌캠퍼스,2.0,"화6,7[352-0205]","화6,7[352-0205]",,,글쓰기
3215,837,핵심교양,프레젠테이션글쓰기,가좌캠퍼스,2.0,"화3,4[354-0325]","화3,4[354-0325]",,,글쓰기
3216,838,핵심교양,프레젠테이션글쓰기,가좌캠퍼스,2.0,"금1,2[452-0217]","금1,2[452-0217]",,,글쓰기
3217,839,핵심교양,프레젠테이션글쓰기,가좌캠퍼스,2.0,"금3,4[452-0217]","금3,4[452-0217]",,,글쓰기
3218,840,핵심교양,프레젠테이션글쓰기,가좌캠퍼스,2.0,"수3,4[303-0310]","수3,4[303-0310]",,,글쓰기
3219,841,핵심교양,프레젠테이션글쓰기,가좌캠퍼스,2.0,"목1,2[102-0101]","목1,2[102-0101]",,,글쓰기
3220,842,핵심교양,프레젠테이션글쓰기,가좌캠퍼스,2.0,"화8,9[601-0220]","화8,9[601-0220]",,,글쓰기
3222,844,핵심교양,프레젠테이션글쓰기,가좌캠퍼스,2.0,"목8,9[303-0310]","목8,9[303-0310]",,,글쓰기
3223,845,핵심교양,프레젠테이션글쓰기,가좌캠퍼스,2.0,"금8,9[303-0312]","금8,9[303-0312]",,,글쓰기
3224,846,핵심교양,프레젠테이션글쓰기,가좌캠퍼스,2.0,"금8,9[303-0310]","금8,9[303-0310]",,,글쓰기
3227,849,핵심교양,인공지능형로봇과윤리,가좌캠퍼스,2.0,"화8,9[303-0311]","화8,9[303-0311]",,,디지털리터러시
3228,850,핵심교양,파이썬프로그래밍기초,가좌캠퍼스,2.0,"목1,2[451-0210]","목1,2[451-0210]",,,디지털리터러시
3229,851,핵심교양,파이썬프로그래밍기초,가좌캠퍼스,2.0,"수1,2[102-0204]","수1,2[102-0204]",,,디지털리터러시
3230,852,핵심교양,파이썬프로그래밍기초,가좌캠퍼스,2.0,"목3,4[029-0102]","목3,4[029-0102]",,,디지털리터러시
3231,853,핵심교양,파이썬프로그래밍기초,가좌캠퍼스,2.0,"목1,2[029-0102]","목1,2[029-0102]",,,디지털리터러시
3232,854,핵심교양,파이썬프로그래밍기초,가좌캠퍼스,2.0,"화1,2[102-0204]","화1,2[102-0204]",,,디지털리터러시
3233,855,핵심교양,파이썬프로그래밍기초,가좌캠퍼스,2.0,"화6,7[451-0210]","화6,7[451-0210]",,,디지털리터러시
3235,857,핵심교양,비전공자를위한인공지능,가좌캠퍼스,2.0,"수3,4[102-0204]","수3,4[102-0204]",,,디지털리터러시
3236,858,핵심교양,비전공자를위한인공지능,가좌캠퍼스,2.0,"화6,7[102-0204]","화6,7[102-0204]",,,디지털리터러시
3237,859,핵심교양,비전공자를위한인공지능,가좌캠퍼스,2.0,"목3,4[102-0204]","목3,4[102-0204]",,,디지털리터러시
3238,860,핵심교양,비전공자를위한인공지능,가좌캠퍼스,2.0,"화8,9[102-0204]","화8,9[102-0204]",,,디지털리터러시
3239,861,핵심교양,비전공자를위한인공지능,가좌캠퍼스,2.0,"목6,7[102-0204]","목6,7[102-0204]",,,디지털리터러시
3240,862,핵심교양,비전공자를위한인공지능,가좌캠퍼스,2.0,"목8,9[102-0204]","목8,9[102-0204]",,,디지털리터러시
3242,864,핵심교양,생활속소프트웨어,가좌캠퍼스,2.0,"화1,2[302-0104]","화1,2[302-0104]",,,디지털리터러시
3243,865,핵심교양,생활속소프트웨어,가좌캠퍼스,2.0,"월3,4[302-0104]","월3,4[302-0104]",,,디지털리터러시
3244,866,핵심교양,생활속소프트웨어,가좌캠퍼스,2.0,"월6,7[302-0104]","월6,7[302-0104]",,,디지털리터러시
3245,867,핵심교양,생활속소프트웨어,가좌캠퍼스,2.0,"수1,2[302-0104]","수1,2[302-0104]",,,디지털리터러시
3246,868,핵심교양,생활속소프트웨어,가좌캠퍼스,2.0,"목1,2[302-0104]","목1,2[302-0104]",,,디지털리터러시
3247,869,핵심교양,생활속소프트웨어,가좌캠퍼스,2.0,"수3,4[302-0104]","수3,4[302-0104]",,,디지털리터러시
3248,870,핵심교양,생활속소프트웨어,가좌캠퍼스,2.0,"목3,4[451-0210]","목3,4[451-0210]",,,디지털리터러시
3250,872,핵심교양,비판적사고,가좌캠퍼스,2.0,"월1,2[024-0241]","월1,2[024-0241]",,,디지털리터러시
3251,873,핵심교양,비판적사고,가좌캠퍼스,2.0,"월3,4[024-0243]","월3,4[024-0243]",,,디지털리터러시
3252,874,핵심교양,비판적사고,가좌캠퍼스,2.0,"월6,7[024-0243]","월6,7[024-0243]",,,디지털리터러시
3253,875,핵심교양,비판적사고,가좌캠퍼스,2.0,"화3,4[024-0243]","화3,4[024-0243]",,,디지털리터러시
3254,876,핵심교양,비판적사고,가좌캠퍼스,2.0,"화8,9[024-0243]","화8,9[024-0243]",,,디지털리터러시
3255,877,핵심교양,비판적사고,가좌캠퍼스,2.0,"수1,2[024-0243]","수1,2[024-0243]",,,디지털리터러시
3256,878,핵심교양,비판적사고,가좌캠퍼스,2.0,"수8,9[024-0241]","수8,9[024-0241]",,,디지털리터러시
3257,879,핵심교양,비판적사고,가좌캠퍼스,2.0,"목1,2[024-0243]","목1,2[024-0243]",,,디지털리터러시
3258,880,핵심교양,비판적사고,가좌캠퍼스,2.0,"목3,4[024-0243]","목3,4[024-0243]",,,디지털리터러시
3259,881,핵심교양,비판적사고,가좌캠퍼스,2.0,"금6,7[024-0243]","금6,7[024-0243]",,,디지털리터러시
3260,882,핵심교양,비판적사고,가좌캠퍼스,2.0,"수3,4[024-0241]","수3,4[024-0241]",,,디지털리터러시
3261,883,핵심교양,비판적사고,가좌캠퍼스,2.0,"월6,7[024-0241]","월6,7[024-0241]",,,디지털리터러시
3262,884,핵심교양,비판적사고,가좌캠퍼스,2.0,"월8,9[024-0241]","월8,9[024-0241]",,,디지털리터러시
3263,885,핵심교양,비판적사고,가좌캠퍼스,2.0,"화6,7[024-0125]","화6,7[024-0125]",,,디지털리터러시
3264,886,핵심교양,비판적사고,가좌캠퍼스,2.0,"화3,4[024-0241]","화3,4[024-0241]",,,디지털리터러시
3270,892,핵심교양,수리통계적사고,가좌캠퍼스,2.0,"월3,4[024-0241]","월3,4[024-0241]",,,디지털리터러시
3271,893,핵심교양,수리통계적사고,가좌캠퍼스,2.0,"월8,9[024-0227]","월8,9[024-0227]",,,디지털리터러시
3272,894,핵심교양,수리통계적사고,가좌캠퍼스,2.0,"화6,7[024-0241]","화6,7[024-0241]",,,디지털리터러시
3273,895,핵심교양,수리통계적사고,가좌캠퍼스,2.0,"화8,9[024-0241]","화8,9[024-0241]",,,디지털리터러시
3274,896,핵심교양,수리통계적사고,가좌캠퍼스,2.0,"수1,2[024-0241]","수1,2[024-0241]",,,디지털리터러시
3275,897,핵심교양,수리통계적사고,가좌캠퍼스,2.0,"금1,2[024-0241]","금1,2[024-0241]",,,디지털리터러시
3276,898,핵심교양,수리통계적사고,가좌캠퍼스,2.0,"금3,4[024-0241]","금3,4[024-0241]",,,디지털리터러시
3277,899,핵심교양,수리통계적사고,가좌캠퍼스,2.0,"수6,7[024-0175]","수6,7[024-0175]",,,디지털리터러시
3281,903,핵심교양,컴퓨팅사고와코딩,가좌캠퍼스,2.0,"수1,2[029-0102]","수1,2[029-0102]",,,디지털리터러시
3282,904,핵심교양,컴퓨팅사고와코딩,가좌캠퍼스,2.0,"수6,7[029-0102]","수6,7[029-0102]",,,디지털리터러시
3283,905,핵심교양,컴퓨팅사고와코딩,가좌캠퍼스,2.0,"화1,2[029-0102]","화1,2[029-0102]",,,디지털리터러시
3284,906,핵심교양,컴퓨팅사고와코딩,가좌캠퍼스,2.0,"월1,2[029-0102]","월1,2[029-0102]",,,디지털리터러시
3285,907,핵심교양,컴퓨팅사고와코딩,가좌캠퍼스,2.0,"화6,7[029-0102]","화6,7[029-0102]",,,디지털리터러시
3286,908,핵심교양,컴퓨팅사고와코딩,가좌캠퍼스,2.0,"금1,2[029-0102]","금1,2[029-0102]",,,디지털리터러시
3287,909,핵심교양,컴퓨팅사고와코딩,가좌캠퍼스,2.0,"금3,4[029-0102]","금3,4[029-0102]",,,디지털리터러시
3288,910,핵심교양,컴퓨팅사고와코딩,가좌캠퍼스,2.0,"화8,9[029-0102]","화8,9[029-0102]",,,디지털리터러시
3289,911,핵심교양,컴퓨팅사고와코딩,가좌캠퍼스,2.0,"화3,4[029-0102]","화3,4[029-0102]",,,디지털리터러시
3290,912,핵심교양,컴퓨팅사고와코딩,가좌캠퍼스,2.0,"월3,4[029-0102]","월3,4[029-0102]",,,디지털리터러시
3291,913,핵심교양,컴퓨팅사고와코딩,가좌캠퍼스,2.0,"월6,7[029-0102]","월6,7[029-0102]",,,디지털리터러시
3294,923,핵심교양,학습도구의디지털전환,가좌캠퍼스,2.0,"목8,9[024-0230]","목8,9[024-0230]",,,디지털리터러시
3295,924,핵심교양,수요자맞춤디지털콘텐츠만들기,가좌캠퍼스,2.0,"수6,7[024-0141]","수6,7[024-0141]",,,디지털리터러시
3296,925,교직,생활지도및상담,가좌캠퍼스,2.0,"금3,4[301-0430]","금3,4[301-0430]",,,이론
3297,926,교직,생활지도및상담,가좌캠퍼스,2.0,"목6,7[301-0424]","목6,7[301-0424]",,,이론
3298,927,교직,생활지도및상담,가좌캠퍼스,2.0,"목3,4[302-0105]","목3,4[302-0105]",,,이론
3299,928,교직,생활지도및상담,가좌캠퍼스,2.0,"목1,2[303-0417]","목1,2[303-0417]",,,이론
3300,929,교직,교육학개론,가좌캠퍼스,2.0,"월6,7[301-0424]","월6,7[301-0424]",,,이론
3301,930,교직,교육학개론,가좌캠퍼스,2.0,"수3,4[301-0317]","수3,4[301-0317]",,,이론
3302,931,교직,교육학개론,가좌캠퍼스,2.0,"목6,7[303-0310]","목6,7[303-0310]",,,이론
3303,932,교직,교육학개론,가좌캠퍼스,2.0,"목3,4[303-0312]","목3,4[303-0312]",,,이론
3304,933,교직,교육철학및교육사,가좌캠퍼스,2.0,"화3,4[303-0717]","화3,4[303-0717]",,,이론
3305,934,교직,교육철학및교육사,가좌캠퍼스,2.0,"목3,4[303-0417]","목3,4[303-0417]",,,이론
3306,935,교직,교육철학및교육사,가좌캠퍼스,2.0,"월1,2[303-0310]","월1,2[303-0310]",,,이론
3307,936,교직,교육철학및교육사,가좌캠퍼스,2.0,"금6,7[303-0417]","금6,7[303-0417]",,,이론
3308,937,교직,교육철학및교육사,가좌캠퍼스,2.0,"금8,9[303-0417]","금8,9[303-0417]",,,이론
3309,938,교직,교육심리,가좌캠퍼스,2.0,"수3,4[303-0717]","수3,4[303-0717]",,,이론
3310,939,교직,교육심리,가좌캠퍼스,2.0,"수6,7[301-0430]","수6,7[301-0430]",,,이론
3311,940,교직,교육심리,가좌캠퍼스,2.0,"목3,4[303-0717]","목3,4[303-0717]",,,이론
3312,941,교직,교육심리,가좌캠퍼스,2.0,"목6,7[303-0717]","목6,7[303-0717]",,,이론
3313,942,교직,교육심리,가좌캠퍼스,2.0,"금6,7[301-0424]","금6,7[301-0424]",,,이론
3314,943,교직,교육사회,가좌캠퍼스,2.0,"목3,4[301-0430]","목3,4[301-0430]",,,이론
3315,944,교직,교육사회,가좌캠퍼스,2.0,"화1,2[301-0424]","화1,2[301-0424]",,,이론
3316,945,교직,교육사회,가좌캠퍼스,2.0,"화3,4[301-0424]","화3,4[301-0424]",,,이론
3317,946,교직,교육사회,가좌캠퍼스,2.0,"수3,4[303-0417]","수3,4[303-0417]",,,이론
3318,947,교직,교육사회,가좌캠퍼스,2.0,"수6,7[303-0417]","수6,7[303-0417]",,,이론
3319,948,교직,교육과정및교육평가,가좌캠퍼스,2.0,"화3,4[301-0430]","화3,4[301-0430]",,,이론
3320,949,교직,교육과정및교육평가,가좌캠퍼스,2.0,"목3,4[301-0424]","목3,4[301-0424]",,,이론
3321,950,교직,교육과정및교육평가,가좌캠퍼스,2.0,"금6,7[303-0617]","금6,7[303-0617]",,,이론
3322,951,교직,교육과정및교육평가,가좌캠퍼스,2.0,"금8,9[303-0617]","금8,9[303-0617]",,,이론
3323,952,교직,교육방법및교육공학,가좌캠퍼스,2.0,"월6,7[301-0430]","월6,7[301-0430]",,,이론
3324,953,교직,교육방법및교육공학,가좌캠퍼스,2.0,"금3,4[301-0424]","금3,4[301-0424]",,,이론
3325,954,교직,교육방법및교육공학,가좌캠퍼스,2.0,"수1,2[301-0424]","수1,2[301-0424]",,,이론
3326,955,교직,교육방법및교육공학,가좌캠퍼스,2.0,"금1,2[301-0424]","금1,2[301-0424]",,,이론
3327,956,교직,교육행정및교육경영,가좌캠퍼스,2.0,"수8,9[301-0424]","수8,9[301-0424]",,,이론
3328,957,교직,교육행정및교육경영,가좌캠퍼스,2.0,"화6,7[303-0417]","화6,7[303-0417]",,,이론
3329,958,교직,교육행정및교육경영,가좌캠퍼스,2.0,"화8,9[301-0430]","화8,9[301-0430]",,,이론
3330,959,교직,교육행정및교육경영,가좌캠퍼스,2.0,"수6,7[303-0311]","수6,7[303-0311]",,,이론
3331,960,교직,교육행정및교육경영,가좌캠퍼스,2.0,"목6,7[303-0417]","목6,7[303-0417]",,,이론
3332,961,교직,학교폭력예방및학생의이해,가좌캠퍼스,2.0,"월6,7[303-0717]","월6,7[303-0717]",,,소양
3333,962,교직,학교폭력예방및학생의이해,가좌캠퍼스,2.0,"월8,9[303-0717]","월8,9[303-0717]",,,소양
3334,963,교직,학교폭력예방및학생의이해,가좌캠퍼스,2.0,"목1,2[303-0717]","목1,2[303-0717]",,,소양
3335,964,교직,학교폭력예방및학생의이해,가좌캠퍼스,2.0,"월1,2[303-0417]","월1,2[303-0417]",,,소양
3336,965,교직,학교폭력예방및학생의이해,가좌캠퍼스,2.0,"화6,7[303-0717]","화6,7[303-0717]",,,소양
3337,966,교직,학교폭력예방및학생의이해,가좌캠퍼스,2.0,"화8,9[303-0717]","화8,9[303-0717]",,,소양
3338,967,교직,특수교육학개론,가좌캠퍼스,2.0,"화1,2[303-0312]","화1,2[303-0312]",,,소양
3339,968,교직,특수교육학개론,가좌캠퍼스,2.0,"수1,2[303-0717]","수1,2[303-0717]",,,소양
3340,969,교직,특수교육학개론,가좌캠퍼스,2.0,"수6,7[303-0717]","수6,7[303-0717]",,,소양
3341,970,교직,특수교육학개론,가좌캠퍼스,2.0,"목1,2[301-0430]","목1,2[301-0430]",,,소양
3342,971,교직,특수교육학개론,가좌캠퍼스,2.0,"금3,4[303-0717]","금3,4[303-0717]",,,소양
3343,972,교직,특수교육학개론,가좌캠퍼스,2.0,"금6,7[303-0717]","금6,7[303-0717]",,,소양
3344,973,교직,교직실무,가좌캠퍼스,2.0,"목1,2[301-0424]","목1,2[301-0424]",,,소양
3345,974,교직,교직실무,가좌캠퍼스,2.0,"월3,4[303-0417]","월3,4[303-0417]",,,소양
3346,975,교직,교직실무,가좌캠퍼스,2.0,"화3,4[303-0317]","화3,4[303-0317]",,,소양
3347,976,교직,교직실무,가좌캠퍼스,2.0,"금8,9[303-0717]","금8,9[303-0717]",,,소양
3348,977,교직,교직실무,가좌캠퍼스,2.0,"금6,7[302-0105]","금6,7[302-0105]",,,소양
3349,978,교직,교직실무,가좌캠퍼스,2.0,"금8,9[302-0105]","금8,9[302-0105]",,,소양
3350,979,교직,교직실무,가좌캠퍼스,1.0,월7[303-0310],월7[303-0310],,,소양
3351,980,교직,교직실무,가좌캠퍼스,1.0,월8[303-0310],월8[303-0310],,,소양
3352,981,교직,디지털교육,가좌캠퍼스,1.0,화8[303-0417],화8[303-0417],,,소양
3353,982,교직,디지털교육,가좌캠퍼스,1.0,화9[303-0417],화9[303-0417],,,소양
3354,1010,일반선택,성공취업과전략,가좌캠퍼스,2.0,"수8,9[024-0258]","수8,9[024-0258]",,,
3355,1011,일반선택,직무분석과취업,가좌캠퍼스,2.0,"수6,7[024-0243]","수6,7[024-0243]",,,
3356,1012,일반선택,군사안보학,가좌캠퍼스,3.0,"수1,2[033-T101],금6,7,8,9[033-T101]","수1,2[033-T101]","금6,7,8,9[033-T101]",,
3357,1013,일반선택,군사조직리더십,가좌캠퍼스,3.0,"수1,2[033-T201],금6,7,8,9[033-T201]","수1,2[033-T201]","금6,7,8,9[033-T201]",,
3358,1014,일반선택,전력실무기초,가좌캠퍼스,2.0,"월1,2[024-0243]","월1,2[024-0243]",,,
